"country","nuts1_id","nuts2_id","nuts2_name","fund","year","programming_period","eu_payment_annual","modelled_annual_expenditure","standard_deviation_of_annual","standard_error_of_modelled"
"AT","AT1","AT11","Burgenland","EAFRD","1994","1994-1999","0","715213","93168","2948"
"AT","AT1","AT11","Burgenland","EAFRD","1995","1994-1999","2230000","3154560","120438","3810"
"AT","AT1","AT11","Burgenland","EAFRD","1996","1994-1999","5112734","5089406","3039","96"
"AT","AT1","AT11","Burgenland","EAFRD","1997","1994-1999","5040000","3424693","210419","6657"
"AT","AT1","AT11","Burgenland","EAFRD","1998","1994-1999","3550","4067059","529335","16747"
"AT","AT1","AT11","Burgenland","EAFRD","1999","1994-1999","12673379","8659001","524443","16593"
"AT","AT1","AT11","Burgenland","EAFRD","2000","1994-1999","51097","178251","92599","2930"
"AT","AT1","AT11","Burgenland","EAFRD","2001","1994-1999","45700","501072","135795","4296"
"AT","AT1","AT11","Burgenland","EAFRD","2002","1994-1999","0","1340230","82431","2608"
"AT","AT1","AT11","Burgenland","EAFRD","2003","1994-1999","166084","0","0","0"
"AT","AT1","AT11","Burgenland","EAFRD","2004","1994-1999","1806940","0","0","0"
"AT","AT1","AT11","Burgenland","EAFRD","2000","2000-2006","2894182","3319612","101697","3218"
"AT","AT1","AT11","Burgenland","EAFRD","2001","2000-2006","2074650","3172510","262439","8303"
"AT","AT1","AT11","Burgenland","EAFRD","2002","2000-2006","7428473","7283873","34566","1094"
"AT","AT1","AT11","Burgenland","EAFRD","2003","2000-2006","6723318","6280405","105877","3350"
"AT","AT1","AT11","Burgenland","EAFRD","2004","2000-2006","4563405","5519494","228549","7231"
"AT","AT1","AT11","Burgenland","EAFRD","2005","2000-2006","9225865","8466410","181545","5744"
"AT","AT1","AT11","Burgenland","EAFRD","2006","2000-2006","5522307","5563845","181545","5744"
"AT","AT1","AT11","Burgenland","EAFRD","2007","2000-2006","5724870","4828466","231414","7322"
"AT","AT1","AT11","Burgenland","EAFRD","2008","2000-2006","976073","1165696","93393","2955"
"AT","AT1","AT11","Burgenland","EAFRD","2009","2000-2006","0","1811016","111674","3533"
"AT","AT1","AT11","Burgenland","EAFRD","2010","2000-2006","2278183","0","0","0"
"AT","AT1","AT11","Burgenland","EAFRD","2007","2007-2013","33163206","41276525","1736454","54939"
"AT","AT1","AT11","Burgenland","EAFRD","2008","2007-2013","36731643","39004661","486483","15392"
"AT","AT1","AT11","Burgenland","EAFRD","2009","2007-2013","47022337","46840263","38968","1233"
"AT","AT1","AT11","Burgenland","EAFRD","2010","2007-2013","46198027","45362768","178766","5656"
"AT","AT1","AT11","Burgenland","EAFRD","2011","2007-2013","42416538","43636592","261122","8262"
"AT","AT1","AT11","Burgenland","EAFRD","2012","2007-2013","47940124","47740570","261122","8262"
"AT","AT1","AT11","Burgenland","EAFRD","2013","2007-2013","47036679","41157206","1258355","39813"
"AT","AT1","AT11","Burgenland","EAFRD","2014","2007-2013","20418383","17288483","669877","21194"
"AT","AT1","AT11","Burgenland","EAFRD","2015","2007-2013","6248301","4868170","295383","9345"
"AT","AT1","AT11","Burgenland","ERDF","1994","1994-1999","0","3963435","398832","12618"
"AT","AT1","AT11","Burgenland","ERDF","1995","1994-1999","9980000","8582066","140671","4451"
"AT","AT1","AT11","Burgenland","ERDF","1996","1994-1999","6459976","11474680","504619","15965"
"AT","AT1","AT11","Burgenland","ERDF","1997","1994-1999","19087090","21207007","213323","6749"
"AT","AT1","AT11","Burgenland","ERDF","1998","1994-1999","24425078","24905600","1494835","47294"
"AT","AT1","AT11","Burgenland","ERDF","1999","1994-1999","23509169","23065888","1175089","37178"
"AT","AT1","AT11","Burgenland","ERDF","2000","1994-1999","23198372","15980328","800201","25317"
"AT","AT1","AT11","Burgenland","ERDF","2001","1994-1999","5077077","4205370","315158","9971"
"AT","AT1","AT11","Burgenland","ERDF","2002","1994-1999","48719","2501100","165795","5246"
"AT","AT1","AT11","Burgenland","ERDF","2003","1994-1999","4099033","0","0","0"
"AT","AT1","AT11","Burgenland","ERDF","2004","1994-1999","957","0","0","0"
"AT","AT1","AT11","Burgenland","ERDF","2000","2000-2006","12167094","14346661","428202","13548"
"AT","AT1","AT11","Burgenland","ERDF","2001","2000-2006","9133610","13068991","773152","24461"
"AT","AT1","AT11","Burgenland","ERDF","2002","2000-2006","25625062","25833418","40934","1295"
"AT","AT1","AT11","Burgenland","ERDF","2003","2000-2006","26498190","26638887","27642","875"
"AT","AT1","AT11","Burgenland","ERDF","2004","2000-2006","27087788","24869669","435776","13787"
"AT","AT1","AT11","Burgenland","ERDF","2005","2000-2006","17792624","17004351","154866","4900"
"AT","AT1","AT11","Burgenland","ERDF","2006","2000-2006","14489317","16002319","154866","4900"
"AT","AT1","AT11","Burgenland","ERDF","2007","2000-2006","20829646","21433689","386319","12223"
"AT","AT1","AT11","Burgenland","ERDF","2008","2000-2006","21860454","18451610","763501","24156"
"AT","AT1","AT11","Burgenland","ERDF","2009","2000-2006","0","6910145","425499","13462"
"AT","AT1","AT11","Burgenland","ERDF","2011","2000-2006","9075954","0","0","0"
"AT","AT1","AT11","Burgenland","ERDF","2007","2007-2013","2500539","3880852","155780","4929"
"AT","AT1","AT11","Burgenland","ERDF","2008","2007-2013","3750809","6215157","278123","8799"
"AT","AT1","AT11","Burgenland","ERDF","2009","2007-2013","10447335","11016085","64188","2031"
"AT","AT1","AT11","Burgenland","ERDF","2010","2007-2013","11992836","14147741","243200","7695"
"AT","AT1","AT11","Burgenland","ERDF","2011","2007-2013","17848494","14008769","433346","13710"
"AT","AT1","AT11","Burgenland","ERDF","2012","2007-2013","7414570","12868731","433346","13710"
"AT","AT1","AT11","Burgenland","ERDF","2013","2007-2013","19030438","24267210","1728845","54698"
"AT","AT1","AT11","Burgenland","ERDF","2014","2007-2013","34234868","25067896","1325238","41929"
"AT","AT1","AT11","Burgenland","ERDF","2015","2007-2013","11555726","7303174","479938","15185"
"AT","AT1","AT11","Burgenland","ESF","2000","2000-2006","3850934","5499298","402440","12733"
"AT","AT1","AT11","Burgenland","ESF","2001","2000-2006","8239325","7854074","94057","2976"
"AT","AT1","AT11","Burgenland","ESF","2002","2000-2006","6313654","6002089","76067","2407"
"AT","AT1","AT11","Burgenland","ESF","2003","2000-2006","4756301","5921497","284477","9000"
"AT","AT1","AT11","Burgenland","ESF","2004","2000-2006","10580520","10284769","72206","2284"
"AT","AT1","AT11","Burgenland","ESF","2005","2000-2006","9102215","8830144","66425","2102"
"AT","AT1","AT11","Burgenland","ESF","2006","2000-2006","7742272","7100283","66425","2102"
"AT","AT1","AT11","Burgenland","ESF","2007","2000-2006","4533298","4993496","143671","4546"
"AT","AT1","AT11","Burgenland","ESF","2008","2000-2006","6408960","5572241","222586","7042"
"AT","AT1","AT11","Burgenland","ESF","2009","2000-2006","0","2120848","129498","4097"
"AT","AT1","AT11","Burgenland","ESF","2013","2000-2006","2651261","0","0","0"
"AT","AT1","AT11","Burgenland","ESF","2007","2007-2013","1042800","1397576","74404","2354"
"AT","AT1","AT11","Burgenland","ESF","2008","2007-2013","1564200","3683226","444406","14060"
"AT","AT1","AT11","Burgenland","ESF","2009","2007-2013","10906935","10113273","166448","5266"
"AT","AT1","AT11","Burgenland","ESF","2010","2007-2013","7407700","7363060","9362","296"
"AT","AT1","AT11","Burgenland","ESF","2011","2007-2013","7210883","7361553","31599","1000"
"AT","AT1","AT11","Burgenland","ESF","2012","2007-2013","7875184","8002161","31599","1000"
"AT","AT1","AT11","Burgenland","ESF","2013","2007-2013","8435024","7676401","159100","5034"
"AT","AT1","AT11","Burgenland","ESF","2014","2007-2013","5090274","3935749","242129","7661"
"AT","AT1","AT12","Niederösterreich","EAFRD","1994","1994-1999","0","1499729","172840","5468"
"AT","AT1","AT12","Niederösterreich","EAFRD","1995","1994-1999","4235000","3801299","49983","1581"
"AT","AT1","AT12","Niederösterreich","EAFRD","1996","1994-1999","3010298","4414661","161849","5121"
"AT","AT1","AT12","Niederösterreich","EAFRD","1997","1994-1999","6976000","7903409","106882","3382"
"AT","AT1","AT12","Niederösterreich","EAFRD","1998","1994-1999","9594858","8844245","86506","2737"
"AT","AT1","AT12","Niederösterreich","EAFRD","1999","1994-1999","7475245","9650827","254486","8052"
"AT","AT1","AT12","Niederösterreich","EAFRD","2000","1994-1999","13517796","8880276","543294","17189"
"AT","AT1","AT12","Niederösterreich","EAFRD","2001","1994-1999","20705","529726","141774","4486"
"AT","AT1","AT12","Niederösterreich","EAFRD","2002","1994-1999","0","1266242","80013","2532"
"AT","AT1","AT12","Niederösterreich","EAFRD","2003","1994-1999","1960513","0","0","0"
"AT","AT1","AT12","Niederösterreich","EAFRD","2000","2000-2006","0","662290","60307","1908"
"AT","AT1","AT12","Niederösterreich","EAFRD","2001","2000-2006","1424243","964792","41837","1324"
"AT","AT1","AT12","Niederösterreich","EAFRD","2002","2000-2006","436201","799680","33098","1047"
"AT","AT1","AT12","Niederösterreich","EAFRD","2003","2000-2006","1217855","1584764","33410","1057"
"AT","AT1","AT12","Niederösterreich","EAFRD","2004","2000-2006","2006886","2804432","388705","12298"
"AT","AT1","AT12","Niederösterreich","EAFRD","2005","2000-2006","3278335","3529496","386298","12222"
"AT","AT1","AT12","Niederösterreich","EAFRD","2006","2000-2006","3205220","3832706","386298","12222"
"AT","AT1","AT12","Niederösterreich","EAFRD","2007","2000-2006","4710882","3758273","328863","10405"
"AT","AT1","AT12","Niederösterreich","EAFRD","2008","2000-2006","3390731","1970499","134677","4261"
"AT","AT1","AT12","Niederösterreich","EAFRD","2009","2000-2006","0","272179","21542","682"
"AT","AT1","AT12","Niederösterreich","EAFRD","2010","2000-2006","508757","0","0","0"
"AT","AT1","AT12","Niederösterreich","EAFRD","2007","2007-2013","104997965","126209865","6173803","195330"
"AT","AT1","AT12","Niederösterreich","EAFRD","2008","2007-2013","121323353","123451381","619370","19596"
"AT","AT1","AT12","Niederösterreich","EAFRD","2009","2007-2013","133494795","131939737","452606","14320"
"AT","AT1","AT12","Niederösterreich","EAFRD","2010","2007-2013","124600500","122614295","578092","18290"
"AT","AT1","AT12","Niederösterreich","EAFRD","2011","2007-2013","113240227","114582585","390698","12361"
"AT","AT1","AT12","Niederösterreich","EAFRD","2012","2007-2013","120917966","121825220","390698","12361"
"AT","AT1","AT12","Niederösterreich","EAFRD","2013","2007-2013","126107087","112879142","3850043","121810"
"AT","AT1","AT12","Niederösterreich","EAFRD","2014","2007-2013","50448678","43915047","1901638","60165"
"AT","AT1","AT12","Niederösterreich","EAFRD","2015","2007-2013","13078997","10792295","665553","21057"
"AT","AT1","AT12","Niederösterreich","ERDF","1994","1994-1999","0","3628338","394417","12479"
"AT","AT1","AT12","Niederösterreich","ERDF","1995","1994-1999","9814300","7904680","207584","6568"
"AT","AT1","AT12","Niederösterreich","ERDF","1996","1994-1999","4648965","9885204","569203","18009"
"AT","AT1","AT12","Niederösterreich","ERDF","1997","1994-1999","18812483","15060352","407874","12905"
"AT","AT1","AT12","Niederösterreich","ERDF","1998","1994-1999","8663334","9960923","804361","25449"
"AT","AT1","AT12","Niederösterreich","ERDF","1999","1994-1999","11009374","11681175","609928","19297"
"AT","AT1","AT12","Niederösterreich","ERDF","2000","1994-1999","13275646","9120184","591268","18707"
"AT","AT1","AT12","Niederösterreich","ERDF","2001","1994-1999","353518","2280607","584559","18495"
"AT","AT1","AT12","Niederösterreich","ERDF","2002","1994-1999","3003367","5018966","320009","10125"
"AT","AT1","AT12","Niederösterreich","ERDF","2003","1994-1999","4954169","0","0","0"
"AT","AT1","AT12","Niederösterreich","ERDF","2004","1994-1999","5273","0","0","0"
"AT","AT1","AT12","Niederösterreich","ERDF","2000","2000-2006","0","5988256","958303","30319"
"AT","AT1","AT12","Niederösterreich","ERDF","2001","2000-2006","21458264","19833333","260038","8227"
"AT","AT1","AT12","Niederösterreich","ERDF","2002","2000-2006","15635501","18405667","443311","14026"
"AT","AT1","AT12","Niederösterreich","ERDF","2003","2000-2006","25562088","25162889","63884","2021"
"AT","AT1","AT12","Niederösterreich","ERDF","2004","2000-2006","24131602","25424279","206868","6545"
"AT","AT1","AT12","Niederösterreich","ERDF","2005","2000-2006","28763768","26766315","319653","10113"
"AT","AT1","AT12","Niederösterreich","ERDF","2006","2000-2006","21606112","24165133","319653","10113"
"AT","AT1","AT12","Niederösterreich","ERDF","2007","2000-2006","28923526","24700229","881407","27886"
"AT","AT1","AT12","Niederösterreich","ERDF","2008","2000-2006","13015731","11513938","570411","18047"
"AT","AT1","AT12","Niederösterreich","ERDF","2009","2000-2006","10260850","7397403","458239","14498"
"AT","AT1","AT12","Niederösterreich","ERDF","2007","2007-2013","2912936","4517380","181522","5743"
"AT","AT1","AT12","Niederösterreich","ERDF","2008","2007-2013","4369404","7634489","369402","11687"
"AT","AT1","AT12","Niederösterreich","ERDF","2009","2007-2013","13261257","13285003","2687","85"
"AT","AT1","AT12","Niederösterreich","ERDF","2010","2007-2013","13325925","14194929","98317","3111"
"AT","AT1","AT12","Niederösterreich","ERDF","2011","2007-2013","15692497","13307134","269873","8538"
"AT","AT1","AT12","Niederösterreich","ERDF","2012","2007-2013","9196404","20922219","269873","8538"
"AT","AT1","AT12","Niederösterreich","ERDF","2013","2007-2013","38346772","33147566","1292899","40906"
"AT","AT1","AT12","Niederösterreich","ERDF","2014","2007-2013","23552312","20150772","1332613","42162"
"AT","AT1","AT12","Niederösterreich","ERDF","2015","2007-2013","17706948","11204963","735615","23274"
"AT","AT1","AT12","Niederösterreich","ESF","2000","2000-2006","5596567","6991393","562730","17804"
"AT","AT1","AT12","Niederösterreich","ESF","2001","2000-2006","10339920","10666960","131941","4174"
"AT","AT1","AT12","Niederösterreich","ESF","2002","2000-2006","12764286","12527312","95605","3025"
"AT","AT1","AT12","Niederösterreich","ESF","2003","2000-2006","11007586","11625490","249288","7887"
"AT","AT1","AT12","Niederösterreich","ESF","2004","2000-2006","15588140","15917119","132723","4199"
"AT","AT1","AT12","Niederösterreich","ESF","2005","2000-2006","18026876","17595773","173925","5503"
"AT","AT1","AT12","Niederösterreich","ESF","2006","2000-2006","14831082","13278907","173925","5503"
"AT","AT1","AT12","Niederösterreich","ESF","2007","2000-2006","3324722","2958424","147780","4676"
"AT","AT1","AT12","Niederösterreich","ESF","2008","2000-2006","609337","1087790","193028","6107"
"AT","AT1","AT12","Niederösterreich","ESF","2009","2000-2006","0","3595487","226190","7156"
"AT","AT1","AT12","Niederösterreich","ESF","2013","2000-2006","4156139","0","0","0"
"AT","AT1","AT12","Niederösterreich","ESF","2007","2007-2013","1335480","1851494","91549","2896"
"AT","AT1","AT12","Niederösterreich","ESF","2008","2007-2013","2003221","5073816","544771","17236"
"AT","AT1","AT12","Niederösterreich","ESF","2009","2007-2013","13923606","11960378","348307","11020"
"AT","AT1","AT12","Niederösterreich","ESF","2010","2007-2013","6302143","6008803","52043","1647"
"AT","AT1","AT12","Niederösterreich","ESF","2011","2007-2013","5163363","8194233","537723","17013"
"AT","AT1","AT12","Niederösterreich","ESF","2012","2007-2013","16929529","15496824","537723","17013"
"AT","AT1","AT12","Niederösterreich","ESF","2013","2007-2013","11367615","10090666","226550","7168"
"AT","AT1","AT12","Niederösterreich","ESF","2014","2007-2013","6410359","4759102","292958","9269"
"AT","AT1","AT13","Wien","EAFRD","1995","1994-1999","0","588","77","2"
"AT","AT1","AT13","Wien","EAFRD","1996","1994-1999","1832","1244","77","2"
"AT","AT1","AT13","Wien","EAFRD","1997","1994-1999","0","441","57","2"
"AT","AT1","AT13","Wien","EAFRD","1998","1994-1999","1374","933","57","2"
"AT","AT1","AT13","Wien","EAFRD","1999","1994-1999","0","49","70","2"
"AT","AT1","AT13","Wien","EAFRD","2000","1994-1999","0","392","85","3"
"AT","AT1","AT13","Wien","EAFRD","2001","1994-1999","1374","933","57","2"
"AT","AT1","AT13","Wien","EAFRD","2000","2000-2006","0","63004","5737","182"
"AT","AT1","AT13","Wien","EAFRD","2001","2000-2006","135489","91781","3980","126"
"AT","AT1","AT13","Wien","EAFRD","2002","2000-2006","41496","76074","3149","100"
"AT","AT1","AT13","Wien","EAFRD","2003","2000-2006","115855","150759","3178","101"
"AT","AT1","AT13","Wien","EAFRD","2004","2000-2006","190916","264612","35997","1139"
"AT","AT1","AT13","Wien","EAFRD","2005","2000-2006","311870","332875","35784","1132"
"AT","AT1","AT13","Wien","EAFRD","2006","2000-2006","304914","368052","35784","1132"
"AT","AT1","AT13","Wien","EAFRD","2007","2000-2006","448148","359070","31575","999"
"AT","AT1","AT13","Wien","EAFRD","2008","2000-2006","322562","187528","13046","413"
"AT","AT1","AT13","Wien","EAFRD","2009","2000-2006","0","25893","2049","65"
"AT","AT1","AT13","Wien","EAFRD","2010","2000-2006","48398","0","0","0"
"AT","AT1","AT13","Wien","EAFRD","2007","2007-2013","2382450","2863757","140086","4432"
"AT","AT1","AT13","Wien","EAFRD","2008","2007-2013","2752880","2801166","14054","445"
"AT","AT1","AT13","Wien","EAFRD","2009","2007-2013","3029055","2993770","10270","325"
"AT","AT1","AT13","Wien","EAFRD","2010","2007-2013","2827240","2782172","13117","415"
"AT","AT1","AT13","Wien","EAFRD","2011","2007-2013","2569470","2599929","8865","280"
"AT","AT1","AT13","Wien","EAFRD","2012","2007-2013","2743681","2764267","8865","280"
"AT","AT1","AT13","Wien","EAFRD","2013","2007-2013","2861425","2561277","87359","2764"
"AT","AT1","AT13","Wien","EAFRD","2014","2007-2013","1144703","996452","43149","1365"
"AT","AT1","AT13","Wien","EAFRD","2015","2007-2013","296768","244882","15102","478"
"AT","AT1","AT13","Wien","ERDF","1994","1994-1999","0","1368057","136625","4323"
"AT","AT1","AT13","Wien","ERDF","1995","1994-1999","3419000","2511142","90666","2869"
"AT","AT1","AT13","Wien","ERDF","1996","1994-1999","1150112","765049","38455","1217"
"AT","AT1","AT13","Wien","ERDF","1997","1994-1999","187774","1053721","86480","2736"
"AT","AT1","AT13","Wien","ERDF","1998","1994-1999","2351919","1711088","193876","6134"
"AT","AT1","AT13","Wien","ERDF","1999","1994-1999","485099","1298316","149329","4725"
"AT","AT1","AT13","Wien","ERDF","2000","1994-1999","2525707","1821516","134421","4253"
"AT","AT1","AT13","Wien","ERDF","2001","1994-1999","328075","841079","181127","5731"
"AT","AT1","AT13","Wien","ERDF","2002","1994-1999","283313","1382651","92106","2914"
"AT","AT1","AT13","Wien","ERDF","2003","1994-1999","2016052","0","0","0"
"AT","AT1","AT13","Wien","ERDF","2004","1994-1999","5567","0","0","0"
"AT","AT1","AT13","Wien","ERDF","2000","2000-2006","0","561118","52013","1646"
"AT","AT1","AT13","Wien","ERDF","2001","2000-2006","1230285","748821","44629","1412"
"AT","AT1","AT13","Wien","ERDF","2002","2000-2006","174646","816489","59496","1882"
"AT","AT1","AT13","Wien","ERDF","2003","2000-2006","1581927","2006706","39375","1246"
"AT","AT1","AT13","Wien","ERDF","2004","2000-2006","2513281","2013847","263343","8332"
"AT","AT1","AT13","Wien","ERDF","2005","2000-2006","1131278","1786197","275560","8718"
"AT","AT1","AT13","Wien","ERDF","2006","2000-2006","2167640","2676618","275560","8718"
"AT","AT1","AT13","Wien","ERDF","2007","2000-2006","3198412","2785036","227564","7200"
"AT","AT1","AT13","Wien","ERDF","2008","2000-2006","2551341","1841392","140935","4459"
"AT","AT1","AT13","Wien","ERDF","2009","2000-2006","1507201","819785","63720","2016"
"AT","AT1","AT13","Wien","ERDF","2007","2007-2013","503037","785753","31275","990"
"AT","AT1","AT13","Wien","ERDF","2008","2007-2013","754556","1609135","94537","2991"
"AT","AT1","AT13","Wien","ERDF","2009","2007-2013","3035394","2696026","37542","1188"
"AT","AT1","AT13","Wien","ERDF","2010","2007-2013","2129635","2789110","72954","2308"
"AT","AT1","AT13","Wien","ERDF","2011","2007-2013","3889748","2432346","161224","5101"
"AT","AT1","AT13","Wien","ERDF","2012","2007-2013","0","2483371","161224","5101"
"AT","AT1","AT13","Wien","ERDF","2013","2007-2013","6368293","4396971","474212","15003"
"AT","AT1","AT13","Wien","ERDF","2014","2007-2013","0","2190729","580930","18380"
"AT","AT1","AT13","Wien","ERDF","2015","2007-2013","7213606","4510828","298992","9460"
"AT","AT1","AT13","Wien","ESF","2000","2000-2006","10297140","12933534","1051142","33257"
"AT","AT1","AT13","Wien","ESF","2001","2000-2006","19357064","19939317","232147","7345"
"AT","AT1","AT13","Wien","ESF","2002","2000-2006","23632110","23268540","144957","4586"
"AT","AT1","AT13","Wien","ESF","2003","2000-2006","20962683","22127123","464267","14689"
"AT","AT1","AT13","Wien","ESF","2004","2000-2006","29512289","30072805","223480","7071"
"AT","AT1","AT13","Wien","ESF","2005","2000-2006","33627737","32817052","323224","10226"
"AT","AT1","AT13","Wien","ESF","2006","2000-2006","27675484","24790494","323224","10226"
"AT","AT1","AT13","Wien","ESF","2007","2000-2006","6493164","5791919","279589","8846"
"AT","AT1","AT13","Wien","ESF","2008","2000-2006","1344449","2202829","342240","10828"
"AT","AT1","AT13","Wien","ESF","2009","2000-2006","0","6605400","415247","13138"
"AT","AT1","AT13","Wien","ESF","2013","2000-2006","7646892","0","0","0"
"AT","AT1","AT13","Wien","ESF","2007","2007-2013","2899079","4019248","198735","6288"
"AT","AT1","AT13","Wien","ESF","2008","2007-2013","4348619","11014310","1182596","37416"
"AT","AT1","AT13","Wien","ESF","2009","2007-2013","30225555","25963754","756109","23922"
"AT","AT1","AT13","Wien","ESF","2010","2007-2013","13680780","13043992","112976","3574"
"AT","AT1","AT13","Wien","ESF","2011","2007-2013","11208700","17788154","1167296","36932"
"AT","AT1","AT13","Wien","ESF","2012","2007-2013","36750854","33640721","1167296","36932"
"AT","AT1","AT13","Wien","ESF","2013","2007-2013","24676977","21904957","491799","15560"
"AT","AT1","AT13","Wien","ESF","2014","2007-2013","13915696","10331124","635958","20121"
"AT","AT2","AT21","Kärnten","EAFRD","1994","1994-1999","0","660058","82358","2606"
"AT","AT2","AT21","Kärnten","EAFRD","1995","1994-1999","1989144","1845106","17972","569"
"AT","AT2","AT21","Kärnten","EAFRD","1996","1994-1999","1555072","2386960","103797","3284"
"AT","AT2","AT21","Kärnten","EAFRD","1997","1994-1999","4062042","5006569","117852","3729"
"AT","AT2","AT21","Kärnten","EAFRD","1998","1994-1999","6908461","5611985","161766","5118"
"AT","AT2","AT21","Kärnten","EAFRD","1999","1994-1999","3001413","3590680","76890","2433"
"AT","AT2","AT21","Kärnten","EAFRD","2000","1994-1999","4727871","3232575","193293","6116"
"AT","AT2","AT21","Kärnten","EAFRD","2001","1994-1999","5806","265279","72305","2288"
"AT","AT2","AT21","Kärnten","EAFRD","2002","1994-1999","0","703554","43596","1379"
"AT","AT2","AT21","Kärnten","EAFRD","2003","1994-1999","1052956","0","0","0"
"AT","AT2","AT21","Kärnten","EAFRD","2000","2000-2006","0","197523","17986","569"
"AT","AT2","AT21","Kärnten","EAFRD","2001","2000-2006","424770","287742","12478","395"
"AT","AT2","AT21","Kärnten","EAFRD","2002","2000-2006","130094","238498","9871","312"
"AT","AT2","AT21","Kärnten","EAFRD","2003","2000-2006","363216","472644","9964","315"
"AT","AT2","AT21","Kärnten","EAFRD","2004","2000-2006","598538","829575","111449","3526"
"AT","AT2","AT21","Kärnten","EAFRD","2005","2000-2006","977738","1052905","117435","3715"
"AT","AT2","AT21","Kärnten","EAFRD","2006","2000-2006","955932","1156257","117435","3715"
"AT","AT2","AT21","Kärnten","EAFRD","2007","2000-2006","1404984","1115203","95431","3019"
"AT","AT2","AT21","Kärnten","EAFRD","2008","2000-2006","1011259","586742","40395","1278"
"AT","AT2","AT21","Kärnten","EAFRD","2009","2000-2006","0","81175","6425","203"
"AT","AT2","AT21","Kärnten","EAFRD","2010","2000-2006","151733","0","0","0"
"AT","AT2","AT21","Kärnten","EAFRD","2007","2007-2013","43224445","51956734","2541565","80412"
"AT","AT2","AT21","Kärnten","EAFRD","2008","2007-2013","49945107","50821150","254976","8067"
"AT","AT2","AT21","Kärnten","EAFRD","2009","2007-2013","54955716","54315547","186324","5895"
"AT","AT2","AT21","Kärnten","EAFRD","2010","2007-2013","51294208","50476548","237983","7529"
"AT","AT2","AT21","Kärnten","EAFRD","2011","2007-2013","46617531","47170139","160839","5089"
"AT","AT2","AT21","Kärnten","EAFRD","2012","2007-2013","49778221","50151710","160839","5089"
"AT","AT2","AT21","Kärnten","EAFRD","2013","2007-2013","51914423","46468884","1584945","50145"
"AT","AT2","AT21","Kärnten","EAFRD","2014","2007-2013","20768175","18078479","782846","24768"
"AT","AT2","AT21","Kärnten","EAFRD","2015","2007-2013","5384222","4442857","273988","8669"
"AT","AT2","AT21","Kärnten","ERDF","1994","1994-1999","0","1090271","109682","3470"
"AT","AT2","AT21","Kärnten","ERDF","1995","1994-1999","2744603","2622072","12327","390"
"AT","AT2","AT21","Kärnten","ERDF","1996","1994-1999","2436150","3976133","154924","4902"
"AT","AT2","AT21","Kärnten","ERDF","1997","1994-1999","6312839","6130895","18304","579"
"AT","AT2","AT21","Kärnten","ERDF","1998","1994-1999","5854820","6211801","471792","14927"
"AT","AT2","AT21","Kärnten","ERDF","1999","1994-1999","6064132","6511502","417062","13195"
"AT","AT2","AT21","Kärnten","ERDF","2000","1994-1999","7676446","4846187","304118","9622"
"AT","AT2","AT21","Kärnten","ERDF","2001","1994-1999","115281","639607","162579","5144"
"AT","AT2","AT21","Kärnten","ERDF","2002","1994-1999","99553","1250605","82915","2623"
"AT","AT2","AT21","Kärnten","ERDF","2003","1994-1999","1973295","0","0","0"
"AT","AT2","AT21","Kärnten","ERDF","2004","1994-1999","1956","0","0","0"
"AT","AT2","AT21","Kärnten","ERDF","2000","2000-2006","0","3019294","437090","13829"
"AT","AT2","AT21","Kärnten","ERDF","2001","2000-2006","10011113","9465194","79030","2500"
"AT","AT2","AT21","Kärnten","ERDF","2002","2000-2006","8201003","8371276","24650","780"
"AT","AT2","AT21","Kärnten","ERDF","2003","2000-2006","8765581","9833853","154649","4893"
"AT","AT2","AT21","Kärnten","ERDF","2004","2000-2006","12307666","10841162","212299","6717"
"AT","AT2","AT21","Kärnten","ERDF","2005","2000-2006","7445160","10121824","387488","12260"
"AT","AT2","AT21","Kärnten","ERDF","2006","2000-2006","16320209","15433905","387488","12260"
"AT","AT2","AT21","Kärnten","ERDF","2007","2000-2006","12213524","11005570","408360","12920"
"AT","AT2","AT21","Kärnten","ERDF","2008","2000-2006","8291943","6745759","329532","10426"
"AT","AT2","AT21","Kärnten","ERDF","2009","2000-2006","4249550","2967910","185537","5870"
"AT","AT2","AT21","Kärnten","ERDF","2007","2007-2013","1347769","2298193","85646","2710"
"AT","AT2","AT21","Kärnten","ERDF","2008","2007-2013","2021653","3899999","169264","5355"
"AT","AT2","AT21","Kärnten","ERDF","2009","2007-2013","6017095","4516958","135182","4277"
"AT","AT2","AT21","Kärnten","ERDF","2010","2007-2013","2826144","6245396","308119","9748"
"AT","AT2","AT21","Kärnten","ERDF","2011","2007-2013","10099259","5872917","1172716","37103"
"AT","AT2","AT21","Kärnten","ERDF","2012","2007-2013","0","5673097","1172716","37103"
"AT","AT2","AT21","Kärnten","ERDF","2013","2007-2013","10783077","10806081","879211","27817"
"AT","AT2","AT21","Kärnten","ERDF","2014","2007-2013","9794050","9769271","897455","28394"
"AT","AT2","AT21","Kärnten","ERDF","2015","2007-2013","10342103","8131836","758348","23993"
"AT","AT2","AT21","Kärnten","ERDF","2016","2007-2013","8471411","4488813","358884","11355"
"AT","AT2","AT21","Kärnten","ESF","2000","2000-2006","3611739","4659417","377222","11935"
"AT","AT2","AT21","Kärnten","ESF","2001","2000-2006","7085459","7282757","71039","2248"
"AT","AT2","AT21","Kärnten","ESF","2002","2000-2006","8419792","8261057","57153","1808"
"AT","AT2","AT21","Kärnten","ESF","2003","2000-2006","7346265","7846098","179968","5694"
"AT","AT2","AT21","Kärnten","ESF","2004","2000-2006","10726646","10917403","68683","2173"
"AT","AT2","AT21","Kärnten","ESF","2005","2000-2006","12016743","11734762","101529","3212"
"AT","AT2","AT21","Kärnten","ESF","2006","2000-2006","10109698","9003113","101529","3212"
"AT","AT2","AT21","Kärnten","ESF","2007","2000-2006","2625854","2396213","82684","2616"
"AT","AT2","AT21","Kärnten","ESF","2008","2000-2006","1072788","1343152","97346","3080"
"AT","AT2","AT21","Kärnten","ESF","2009","2000-2006","72190","2472275","154460","4887"
"AT","AT2","AT21","Kärnten","ESF","2010","2000-2006","146915","0","0","0"
"AT","AT2","AT21","Kärnten","ESF","2013","2000-2006","2682160","0","0","0"
"AT","AT2","AT21","Kärnten","ESF","2007","2007-2013","874173","1211943","59926","1896"
"AT","AT2","AT21","Kärnten","ESF","2008","2007-2013","1311259","3321196","356594","11282"
"AT","AT2","AT21","Kärnten","ESF","2009","2007-2013","9114053","7828972","227993","7213"
"AT","AT2","AT21","Kärnten","ESF","2010","2007-2013","4125229","3933216","34066","1078"
"AT","AT2","AT21","Kärnten","ESF","2011","2007-2013","3379812","5363745","351980","11136"
"AT","AT2","AT21","Kärnten","ESF","2012","2007-2013","11081657","10143844","351980","11136"
"AT","AT2","AT21","Kärnten","ESF","2013","2007-2013","7440964","6605104","148294","4692"
"AT","AT2","AT21","Kärnten","ESF","2014","2007-2013","4196065","3115192","191763","6067"
"AT","AT2","AT22","Steiermark","EAFRD","1994","1994-1999","0","1086033","133710","4230"
"AT","AT2","AT22","Steiermark","EAFRD","1995","1994-1999","3238000","4850414","198517","6281"
"AT","AT2","AT22","Steiermark","EAFRD","1996","1994-1999","8045400","5781365","278743","8819"
"AT","AT2","AT22","Steiermark","EAFRD","1997","1994-1999","1295200","3565350","279496","8843"
"AT","AT2","AT22","Steiermark","EAFRD","1998","1994-1999","8063635","6829039","152001","4809"
"AT","AT2","AT22","Steiermark","EAFRD","1999","1994-1999","4382698","6585187","275067","8703"
"AT","AT2","AT22","Steiermark","EAFRD","2000","1994-1999","10849448","7354074","436147","13799"
"AT","AT2","AT22","Steiermark","EAFRD","2001","1994-1999","16172","486948","129153","4086"
"AT","AT2","AT22","Steiermark","EAFRD","2002","1994-1999","0","1283730","79763","2524"
"AT","AT2","AT22","Steiermark","EAFRD","2003","1994-1999","1931590","0","0","0"
"AT","AT2","AT22","Steiermark","EAFRD","2000","2000-2006","0","519062","47265","1495"
"AT","AT2","AT22","Steiermark","EAFRD","2001","2000-2006","1116234","756144","32789","1037"
"AT","AT2","AT22","Steiermark","EAFRD","2002","2000-2006","341868","626740","25940","821"
"AT","AT2","AT22","Steiermark","EAFRD","2003","2000-2006","954480","1242040","26185","828"
"AT","AT2","AT22","Steiermark","EAFRD","2004","2000-2006","1572873","2193509","307558","9731"
"AT","AT2","AT22","Steiermark","EAFRD","2005","2000-2006","2569357","2737512","286225","9056"
"AT","AT2","AT22","Steiermark","EAFRD","2006","2000-2006","2512054","3030162","286225","9056"
"AT","AT2","AT22","Steiermark","EAFRD","2007","2000-2006","3692099","2953477","258957","8193"
"AT","AT2","AT22","Steiermark","EAFRD","2008","2000-2006","2657446","1543179","106827","3380"
"AT","AT2","AT22","Steiermark","EAFRD","2009","2000-2006","0","213317","16884","534"
"AT","AT2","AT22","Steiermark","EAFRD","2010","2000-2006","398732","0","0","0"
"AT","AT2","AT22","Steiermark","EAFRD","2007","2007-2013","102104989","122732445","6003698","189949"
"AT","AT2","AT22","Steiermark","EAFRD","2008","2007-2013","117980569","120049964","602305","19056"
"AT","AT2","AT22","Steiermark","EAFRD","2009","2007-2013","129816655","128304442","440135","13925"
"AT","AT2","AT22","Steiermark","EAFRD","2010","2007-2013","121167421","119235942","562164","17786"
"AT","AT2","AT22","Steiermark","EAFRD","2011","2007-2013","110120154","111425527","379934","12021"
"AT","AT2","AT22","Steiermark","EAFRD","2012","2007-2013","117586351","118468608","379934","12021"
"AT","AT2","AT22","Steiermark","EAFRD","2013","2007-2013","122632498","109769018","3743964","118454"
"AT","AT2","AT22","Steiermark","EAFRD","2014","2007-2013","49058681","42705070","1849242","58507"
"AT","AT2","AT22","Steiermark","EAFRD","2015","2007-2013","12718636","10494938","647215","20477"
"AT","AT2","AT22","Steiermark","ERDF","1994","1994-1999","0","2811021","277909","8793"
"AT","AT2","AT22","Steiermark","ERDF","1995","1994-1999","6954000","8475133","150385","4758"
"AT","AT2","AT22","Steiermark","ERDF","1996","1994-1999","10717030","11287897","56438","1786"
"AT","AT2","AT22","Steiermark","ERDF","1997","1994-1999","12129261","13552919","140749","4453"
"AT","AT2","AT22","Steiermark","ERDF","1998","1994-1999","15651156","10809634","1505309","47626"
"AT","AT2","AT22","Steiermark","ERDF","1999","1994-1999","1699352","8726901","1217477","38519"
"AT","AT2","AT22","Steiermark","ERDF","2000","1994-1999","18284986","15704533","1105785","34986"
"AT","AT2","AT22","Steiermark","ERDF","2001","1994-1999","14194332","8899075","536613","16978"
"AT","AT2","AT22","Steiermark","ERDF","2002","1994-1999","644312","938827","62976","1992"
"AT","AT2","AT22","Steiermark","ERDF","2003","1994-1999","927299","0","0","0"
"AT","AT2","AT22","Steiermark","ERDF","2004","1994-1999","4211","0","0","0"
"AT","AT2","AT22","Steiermark","ERDF","2000","2000-2006","0","5036302","675678","21378"
"AT","AT2","AT22","Steiermark","ERDF","2001","2000-2006","15723275","13579811","287571","9098"
"AT","AT2","AT22","Steiermark","ERDF","2002","2000-2006","9031408","14903349","787789","24925"
"AT","AT2","AT22","Steiermark","ERDF","2003","2000-2006","27363536","31431713","545793","17268"
"AT","AT2","AT22","Steiermark","ERDF","2004","2000-2006","40064336","37168877","388459","12290"
"AT","AT2","AT22","Steiermark","ERDF","2005","2000-2006","31024748","31147810","16510","522"
"AT","AT2","AT22","Steiermark","ERDF","2006","2000-2006","31408946","28582135","16510","522"
"AT","AT2","AT22","Steiermark","ERDF","2007","2000-2006","19334314","21394193","1354862","42866"
"AT","AT2","AT22","Steiermark","ERDF","2008","2000-2006","27819092","20066121","1070945","33883"
"AT","AT2","AT22","Steiermark","ERDF","2009","2000-2006","0","3269256","206697","6540"
"AT","AT2","AT22","Steiermark","ERDF","2012","2000-2006","4809913","0","0","0"
"AT","AT2","AT22","Steiermark","ERDF","2007","2007-2013","3101237","5214651","195113","6173"
"AT","AT2","AT22","Steiermark","ERDF","2008","2007-2013","4651856","8671710","371118","11742"
"AT","AT2","AT22","Steiermark","ERDF","2009","2007-2013","13499995","16249804","253866","8032"
"AT","AT2","AT22","Steiermark","ERDF","2010","2007-2013","19552626","15935638","333925","10565"
"AT","AT2","AT22","Steiermark","ERDF","2011","2007-2013","11591241","6663048","833497","26371"
"AT","AT2","AT22","Steiermark","ERDF","2012","2007-2013","0","1472009","833497","26371"
"AT","AT2","AT22","Steiermark","ERDF","2013","2007-2013","0","4767986","3986332","126122"
"AT","AT2","AT22","Steiermark","ERDF","2014","2007-2013","0","19938384","5354362","169405"
"AT","AT2","AT22","Steiermark","ERDF","2015","2007-2013","55170080","32955379","2182965","69066"
"AT","AT2","AT22","Steiermark","ERDF","2016","2007-2013","9468238","5166662","397127","12565"
"AT","AT2","AT22","Steiermark","ESF","2000","2000-2006","4649228","6297778","518475","16404"
"AT","AT2","AT22","Steiermark","ESF","2001","2000-2006","10016364","10143101","39859","1261"
"AT","AT2","AT22","Steiermark","ESF","2002","2000-2006","10786400","10658476","40232","1273"
"AT","AT2","AT22","Steiermark","ESF","2003","2000-2006","10009153","11515151","473642","14985"
"AT","AT2","AT22","Steiermark","ESF","2004","2000-2006","19159388","19277451","37131","1175"
"AT","AT2","AT22","Steiermark","ESF","2005","2000-2006","19876726","18908907","304383","9630"
"AT","AT2","AT22","Steiermark","ESF","2006","2000-2006","13996393","12609687","304383","9630"
"AT","AT2","AT22","Steiermark","ESF","2007","2000-2006","5570957","4860944","223302","7065"
"AT","AT2","AT22","Steiermark","ESF","2008","2000-2006","1257015","1695354","137859","4362"
"AT","AT2","AT22","Steiermark","ESF","2009","2000-2006","0","3275074","202926","6420"
"AT","AT2","AT22","Steiermark","ESF","2010","2000-2006","467676","0","0","0"
"AT","AT2","AT22","Steiermark","ESF","2013","2000-2006","3452623","0","0","0"
"AT","AT2","AT22","Steiermark","ESF","2007","2007-2013","1092099","1514073","74865","2369"
"AT","AT2","AT22","Steiermark","ESF","2008","2007-2013","1638149","4149152","445490","14095"
"AT","AT2","AT22","Steiermark","ESF","2009","2007-2013","11386136","9780692","284830","9012"
"AT","AT2","AT22","Steiermark","ESF","2010","2007-2013","5153626","4913745","42559","1346"
"AT","AT2","AT22","Steiermark","ESF","2011","2007-2013","4222380","6700897","439727","13912"
"AT","AT2","AT22","Steiermark","ESF","2012","2007-2013","13844253","12672648","439727","13912"
"AT","AT2","AT22","Steiermark","ESF","2013","2007-2013","9295956","8251720","185263","5861"
"AT","AT2","AT22","Steiermark","ESF","2014","2007-2013","5242121","3891792","239569","7580"
"AT","AT3","AT31","Oberösterreich","EAFRD","1994","1994-1999","0","1381992","162202","5132"
"AT","AT3","AT31","Oberösterreich","EAFRD","1995","1994-1999","3962500","3656090","35963","1138"
"AT","AT3","AT31","Oberösterreich","EAFRD","1996","1994-1999","3083950","4275915","139899","4426"
"AT","AT3","AT31","Oberösterreich","EAFRD","1997","1994-1999","6501600","6632620","15378","487"
"AT","AT3","AT31","Oberösterreich","EAFRD","1998","1994-1999","6877264","5910667","113448","3589"
"AT","AT3","AT31","Oberösterreich","EAFRD","1999","1994-1999","4105800","8483748","514404","16275"
"AT","AT3","AT31","Oberösterreich","EAFRD","2000","1994-1999","16640400","10865958","677936","21449"
"AT","AT3","AT31","Oberösterreich","EAFRD","2001","1994-1999","15670","97524","23506","744"
"AT","AT3","AT31","Oberösterreich","EAFRD","2002","1994-1999","0","219083","13771","436"
"AT","AT3","AT31","Oberösterreich","EAFRD","2003","1994-1999","336413","0","0","0"
"AT","AT3","AT31","Oberösterreich","EAFRD","2000","2000-2006","0","505343","46016","1456"
"AT","AT3","AT31","Oberösterreich","EAFRD","2001","2000-2006","1086731","736159","31923","1010"
"AT","AT3","AT31","Oberösterreich","EAFRD","2002","2000-2006","332832","610174","25254","799"
"AT","AT3","AT31","Oberösterreich","EAFRD","2003","2000-2006","929252","1209212","25493","807"
"AT","AT3","AT31","Oberösterreich","EAFRD","2004","2000-2006","1531301","2136541","297773","9421"
"AT","AT3","AT31","Oberösterreich","EAFRD","2005","2000-2006","2501448","2687288","292722","9261"
"AT","AT3","AT31","Oberösterreich","EAFRD","2006","2000-2006","2445659","2941291","292722","9261"
"AT","AT3","AT31","Oberösterreich","EAFRD","2007","2000-2006","3594514","2861532","250658","7930"
"AT","AT3","AT31","Oberösterreich","EAFRD","2008","2000-2006","2587208","1501919","103250","3267"
"AT","AT3","AT31","Oberösterreich","EAFRD","2009","2000-2006","0","207679","16437","520"
"AT","AT3","AT31","Oberösterreich","EAFRD","2010","2000-2006","388194","0","0","0"
"AT","AT3","AT31","Oberösterreich","EAFRD","2007","2007-2013","91724318","110254649","5393322","170637"
"AT","AT3","AT31","Oberösterreich","EAFRD","2008","2007-2013","105985881","107844887","541071","17119"
"AT","AT3","AT31","Oberösterreich","EAFRD","2009","2007-2013","116618632","115260161","395388","12510"
"AT","AT3","AT31","Oberösterreich","EAFRD","2010","2007-2013","108848737","107113624","505011","15978"
"AT","AT3","AT31","Oberösterreich","EAFRD","2011","2007-2013","98924608","100097268","341307","10798"
"AT","AT3","AT31","Oberösterreich","EAFRD","2012","2007-2013","105631742","106424303","341307","10798"
"AT","AT3","AT31","Oberösterreich","EAFRD","2013","2007-2013","110164863","98609171","3363328","106411"
"AT","AT3","AT31","Oberösterreich","EAFRD","2014","2007-2013","44071050","38363389","1661236","52559"
"AT","AT3","AT31","Oberösterreich","EAFRD","2015","2007-2013","11425575","9427953","581415","18395"
"AT","AT3","AT31","Oberösterreich","ERDF","1994","1994-1999","0","2497195","244082","7722"
"AT","AT3","AT31","Oberösterreich","ERDF","1995","1994-1999","6105400","5841238","25820","817"
"AT","AT3","AT31","Oberösterreich","ERDF","1996","1994-1999","5459549","7656441","214730","6794"
"AT","AT3","AT31","Oberösterreich","ERDF","1997","1994-1999","10830737","9028187","176186","5574"
"AT","AT3","AT31","Oberösterreich","ERDF","1998","1994-1999","6423675","8577060","727681","23023"
"AT","AT3","AT31","Oberösterreich","ERDF","1999","1994-1999","10744028","10514922","537317","17000"
"AT","AT3","AT31","Oberösterreich","ERDF","2000","1994-1999","10526057","6894071","492140","15571"
"AT","AT3","AT31","Oberösterreich","ERDF","2001","1994-1999","283476","2032580","524759","16603"
"AT","AT3","AT31","Oberösterreich","ERDF","2002","1994-1999","244800","3856115","260852","8253"
"AT","AT3","AT31","Oberösterreich","ERDF","2003","1994-1999","6275275","0","0","0"
"AT","AT3","AT31","Oberösterreich","ERDF","2004","1994-1999","4810","0","0","0"
"AT","AT3","AT31","Oberösterreich","ERDF","2000","2000-2006","0","3832394","524709","16601"
"AT","AT3","AT31","Oberösterreich","ERDF","2001","2000-2006","12160369","10940449","167024","5284"
"AT","AT3","AT31","Oberösterreich","ERDF","2002","2000-2006","8289505","10607104","317312","10039"
"AT","AT3","AT31","Oberösterreich","ERDF","2003","2000-2006","15643356","16769021","154120","4876"
"AT","AT3","AT31","Oberösterreich","ERDF","2004","2000-2006","19215146","18832552","52383","1657"
"AT","AT3","AT31","Oberösterreich","ERDF","2005","2000-2006","18001156","18658200","89959","2846"
"AT","AT3","AT31","Oberösterreich","ERDF","2006","2000-2006","20085988","20831617","89959","2846"
"AT","AT3","AT31","Oberösterreich","ERDF","2007","2000-2006","21169650","17342279","662290","20954"
"AT","AT3","AT31","Oberösterreich","ERDF","2008","2000-2006","8981257","7409120","372780","11794"
"AT","AT3","AT31","Oberösterreich","ERDF","2009","2000-2006","0","3642697","229510","7261"
"AT","AT3","AT31","Oberösterreich","ERDF","2011","2000-2006","5319006","0","0","0"
"AT","AT3","AT31","Oberösterreich","ERDF","2007","2007-2013","1910870","3081996","118439","3747"
"AT","AT3","AT31","Oberösterreich","ERDF","2008","2007-2013","2866305","3251355","38941","1232"
"AT","AT3","AT31","Oberösterreich","ERDF","2009","2007-2013","3808708","6573296","279591","8846"
"AT","AT3","AT31","Oberösterreich","ERDF","2010","2007-2013","10574982","12941146","239297","7571"
"AT","AT3","AT31","Oberösterreich","ERDF","2011","2007-2013","16366120","13548424","1244540","39375"
"AT","AT3","AT31","Oberösterreich","ERDF","2012","2007-2013","8003289","10654771","1244540","39375"
"AT","AT3","AT31","Oberösterreich","ERDF","2013","2007-2013","12919896","13383870","1115706","35299"
"AT","AT3","AT31","Oberösterreich","ERDF","2014","2007-2013","12140122","13291290","1504304","47594"
"AT","AT3","AT31","Oberösterreich","ERDF","2015","2007-2013","18775930","12029307","713247","22566"
"AT","AT3","AT31","Oberösterreich","ERDF","2016","2007-2013","3400121","2010887","140497","4445"
"AT","AT3","AT31","Oberösterreich","ESF","2000","2000-2006","5431406","6784285","546055","17276"
"AT","AT3","AT31","Oberösterreich","ESF","2001","2000-2006","10032675","10350230","128173","4055"
"AT","AT3","AT31","Oberösterreich","ESF","2002","2000-2006","12387597","12157487","92878","2939"
"AT","AT3","AT31","Oberösterreich","ESF","2003","2000-2006","10681147","11279938","241687","7647"
"AT","AT3","AT31","Oberösterreich","ESF","2004","2000-2006","15121656","15440815","128820","4076"
"AT","AT3","AT31","Oberösterreich","ESF","2005","2000-2006","17488474","17070241","168809","5341"
"AT","AT3","AT31","Oberösterreich","ESF","2006","2000-2006","14386946","12881542","168809","5341"
"AT","AT3","AT31","Oberösterreich","ESF","2007","2000-2006","3223178","2868106","143316","4534"
"AT","AT3","AT31","Oberösterreich","ESF","2008","2000-2006","590037","1054377","187419","5930"
"AT","AT3","AT31","Oberösterreich","ESF","2009","2000-2006","0","3489581","219533","6946"
"AT","AT3","AT31","Oberösterreich","ESF","2013","2000-2006","4033486","0","0","0"
"AT","AT3","AT31","Oberösterreich","ESF","2007","2007-2013","1093771","1516390","74979","2372"
"AT","AT3","AT31","Oberösterreich","ESF","2008","2007-2013","1640656","4155501","446172","14116"
"AT","AT3","AT31","Oberösterreich","ESF","2009","2007-2013","11403560","9795659","285266","9025"
"AT","AT3","AT31","Oberösterreich","ESF","2010","2007-2013","5161513","4921264","42624","1349"
"AT","AT3","AT31","Oberösterreich","ESF","2011","2007-2013","4228841","6711151","440400","13934"
"AT","AT3","AT31","Oberösterreich","ESF","2012","2007-2013","13865438","12692040","440400","13934"
"AT","AT3","AT31","Oberösterreich","ESF","2013","2007-2013","9310181","8264347","185547","5870"
"AT","AT3","AT31","Oberösterreich","ESF","2014","2007-2013","5250142","3897748","239935","7591"
"AT","AT3","AT32","Salzburg","EAFRD","1994","1994-1999","0","196383","25699","813"
"AT","AT3","AT32","Salzburg","EAFRD","1995","1994-1999","614500","573601","5352","169"
"AT","AT3","AT32","Salzburg","EAFRD","1996","1994-1999","486525","730198","31887","1009"
"AT","AT3","AT32","Salzburg","EAFRD","1997","1994-1999","1249000","1467177","28551","903"
"AT","AT3","AT32","Salzburg","EAFRD","1998","1994-1999","1931698","1581377","45843","1450"
"AT","AT3","AT32","Salzburg","EAFRD","1999","1994-1999","835513","1116513","36758","1163"
"AT","AT3","AT32","Salzburg","EAFRD","2000","1994-1999","1710315","1170107","70788","2240"
"AT","AT3","AT32","Salzburg","EAFRD","2001","1994-1999","3898","21407","5245","166"
"AT","AT3","AT32","Salzburg","EAFRD","2002","1994-1999","0","53899","3313","105"
"AT","AT3","AT32","Salzburg","EAFRD","2003","1994-1999","79215","0","0","0"
"AT","AT3","AT32","Salzburg","EAFRD","2000","2000-2006","0","145875","13283","420"
"AT","AT3","AT32","Salzburg","EAFRD","2001","2000-2006","313702","212504","9215","292"
"AT","AT3","AT32","Salzburg","EAFRD","2002","2000-2006","96077","176137","7290","231"
"AT","AT3","AT32","Salzburg","EAFRD","2003","2000-2006","268243","349058","7359","233"
"AT","AT3","AT32","Salzburg","EAFRD","2004","2000-2006","442034","608748","80173","2537"
"AT","AT3","AT32","Salzburg","EAFRD","2005","2000-2006","722083","770961","83682","2648"
"AT","AT3","AT32","Salzburg","EAFRD","2006","2000-2006","705978","852710","83682","2648"
"AT","AT3","AT32","Salzburg","EAFRD","2007","2000-2006","1037614","834496","71867","2274"
"AT","AT3","AT32","Salzburg","EAFRD","2008","2000-2006","746839","434190","29443","932"
"AT","AT3","AT32","Salzburg","EAFRD","2009","2000-2006","0","59950","4745","150"
"AT","AT3","AT32","Salzburg","EAFRD","2010","2000-2006","112058","0","0","0"
"AT","AT3","AT32","Salzburg","EAFRD","2007","2007-2013","25356072","30478556","1490918","47171"
"AT","AT3","AT32","Salzburg","EAFRD","2008","2007-2013","29298507","29812407","149572","4732"
"AT","AT3","AT32","Salzburg","EAFRD","2009","2007-2013","32237802","31862269","109300","3458"
"AT","AT3","AT32","Salzburg","EAFRD","2010","2007-2013","30089909","29610258","139604","4417"
"AT","AT3","AT32","Salzburg","EAFRD","2011","2007-2013","27346504","27670672","94350","2985"
"AT","AT3","AT32","Salzburg","EAFRD","2012","2007-2013","29200610","29419704","94350","2985"
"AT","AT3","AT32","Salzburg","EAFRD","2013","2007-2013","30453736","27259305","929751","29416"
"AT","AT3","AT32","Salzburg","EAFRD","2014","2007-2013","12182906","10605092","459228","14529"
"AT","AT3","AT32","Salzburg","EAFRD","2015","2007-2013","3158461","2606243","160725","5085"
"AT","AT3","AT32","Salzburg","ERDF","1994","1994-1999","0","302032","27361","866"
"AT","AT3","AT32","Salzburg","ERDF","1995","1994-1999","676000","752342","6916","219"
"AT","AT3","AT32","Salzburg","ERDF","1996","1994-1999","846866","1011727","14935","473"
"AT","AT3","AT32","Salzburg","ERDF","1997","1994-1999","1215852","1278781","180496","5711"
"AT","AT3","AT32","Salzburg","ERDF","1998","1994-1999","1148117","1590133","140245","4437"
"AT","AT3","AT32","Salzburg","ERDF","1999","1994-1999","1999965","1897924","153828","4867"
"AT","AT3","AT32","Salzburg","ERDF","2000","1994-1999","1992924","1225281","81694","2585"
"AT","AT3","AT32","Salzburg","ERDF","2001","1994-1999","103316","308963","70885","2243"
"AT","AT3","AT32","Salzburg","ERDF","2002","1994-1999","89220","475636","34799","1101"
"AT","AT3","AT32","Salzburg","ERDF","2003","1994-1999","768807","0","0","0"
"AT","AT3","AT32","Salzburg","ERDF","2004","1994-1999","1753","0","0","0"
"AT","AT3","AT32","Salzburg","ERDF","2000","2000-2006","0","603996","100739","3187"
"AT","AT3","AT32","Salzburg","ERDF","2001","2000-2006","2234056","1904029","55044","1742"
"AT","AT3","AT32","Salzburg","ERDF","2002","2000-2006","1013356","1611968","99841","3159"
"AT","AT3","AT32","Salzburg","ERDF","2003","2000-2006","3227499","3156020","11922","377"
"AT","AT3","AT32","Salzburg","ERDF","2004","2000-2006","2963113","3147865","30814","975"
"AT","AT3","AT32","Salzburg","ERDF","2005","2000-2006","3646472","3614928","5261","166"
"AT","AT3","AT32","Salzburg","ERDF","2006","2000-2006","3529798","3230652","5261","166"
"AT","AT3","AT32","Salzburg","ERDF","2007","2000-2006","2240288","1954016","67235","2127"
"AT","AT3","AT32","Salzburg","ERDF","2008","2000-2006","1118181","999816","50540","1599"
"AT","AT3","AT32","Salzburg","ERDF","2009","2000-2006","926650","676122","41785","1322"
"AT","AT3","AT32","Salzburg","ERDF","2007","2007-2013","276270","435999","17137","542"
"AT","AT3","AT32","Salzburg","ERDF","2008","2007-2013","414404","603447","20282","642"
"AT","AT3","AT32","Salzburg","ERDF","2009","2007-2013","904860","1342592","46964","1486"
"AT","AT3","AT32","Salzburg","ERDF","2010","2007-2013","2040522","1978729","6630","210"
"AT","AT3","AT32","Salzburg","ERDF","2011","2007-2013","1880207","1155496","77753","2460"
"AT","AT3","AT32","Salzburg","ERDF","2012","2007-2013","0","1132090","77753","2460"
"AT","AT3","AT32","Salzburg","ERDF","2013","2007-2013","2661688","2544985","149445","4728"
"AT","AT3","AT32","Salzburg","ERDF","2014","2007-2013","2118619","2192583","212814","6733"
"AT","AT3","AT32","Salzburg","ERDF","2015","2007-2013","2826237","1736886","116875","3698"
"AT","AT3","AT32","Salzburg","ESF","2000","2000-2006","2838905","3542324","285092","9020"
"AT","AT3","AT32","Salzburg","ESF","2001","2000-2006","5233970","5400730","67587","2138"
"AT","AT3","AT32","Salzburg","ESF","2002","2000-2006","6474791","6353908","48993","1550"
"AT","AT3","AT32","Salzburg","ESF","2003","2000-2006","5575327","5884162","125169","3960"
"AT","AT3","AT32","Salzburg","ESF","2004","2000-2006","7873289","8039582","67398","2132"
"AT","AT3","AT32","Salzburg","ESF","2005","2000-2006","9110634","8892735","88313","2794"
"AT","AT3","AT32","Salzburg","ESF","2006","2000-2006","7489298","6707012","88313","2794"
"AT","AT3","AT32","Salzburg","ESF","2007","2000-2006","1668495","1484868","74423","2355"
"AT","AT3","AT32","Salzburg","ESF","2008","2000-2006","302172","544898","98376","3112"
"AT","AT3","AT32","Salzburg","ESF","2009","2000-2006","0","1824900","114835","3633"
"AT","AT3","AT32","Salzburg","ESF","2013","2000-2006","2108236","0","0","0"
"AT","AT3","AT32","Salzburg","ESF","2007","2007-2013","632867","877399","43384","1373"
"AT","AT3","AT32","Salzburg","ESF","2008","2007-2013","949300","2404415","258160","8168"
"AT","AT3","AT32","Salzburg","ESF","2009","2007-2013","6598215","5667867","165058","5222"
"AT","AT3","AT32","Salzburg","ESF","2010","2007-2013","2986504","2847493","24663","780"
"AT","AT3","AT32","Salzburg","ESF","2011","2007-2013","2446851","3883140","254820","8062"
"AT","AT3","AT32","Salzburg","ESF","2012","2007-2013","8022683","7343743","254820","8062"
"AT","AT3","AT32","Salzburg","ESF","2013","2007-2013","5386965","4781835","107359","3397"
"AT","AT3","AT32","Salzburg","ESF","2014","2007-2013","3037785","2255276","138829","4392"
"AT","AT3","AT33","Tirol","EAFRD","1994","1994-1999","0","483330","53620","1696"
"AT","AT3","AT33","Tirol","EAFRD","1995","1994-1999","1321000","1225052","10644","337"
"AT","AT3","AT33","Tirol","EAFRD","1996","1994-1999","1058763","1164773","11761","372"
"AT","AT3","AT33","Tirol","EAFRD","1997","1994-1999","1348500","2309734","106639","3374"
"AT","AT3","AT33","Tirol","EAFRD","1998","1994-1999","3975669","3862782","194741","6161"
"AT","AT3","AT33","Tirol","EAFRD","1999","1994-1999","3357768","3302797","171577","5428"
"AT","AT3","AT33","Tirol","EAFRD","2000","1994-1999","3426979","2258128","137675","4356"
"AT","AT3","AT33","Tirol","EAFRD","2001","1994-1999","5759","256285","71792","2271"
"AT","AT3","AT33","Tirol","EAFRD","2002","1994-1999","0","638557","40875","1293"
"AT","AT3","AT33","Tirol","EAFRD","2003","1994-1999","1007000","0","0","0"
"AT","AT3","AT33","Tirol","EAFRD","2000","2000-2006","0","191474","17435","552"
"AT","AT3","AT33","Tirol","EAFRD","2001","2000-2006","411761","278930","12095","383"
"AT","AT3","AT33","Tirol","EAFRD","2002","2000-2006","126109","231194","9569","303"
"AT","AT3","AT33","Tirol","EAFRD","2003","2000-2006","352092","458169","9659","306"
"AT","AT3","AT33","Tirol","EAFRD","2004","2000-2006","580208","805851","111835","3538"
"AT","AT3","AT33","Tirol","EAFRD","2005","2000-2006","947795","1018969","112380","3556"
"AT","AT3","AT33","Tirol","EAFRD","2006","2000-2006","926656","1114733","112380","3556"
"AT","AT3","AT33","Tirol","EAFRD","2007","2000-2006","1361956","1086561","95625","3025"
"AT","AT3","AT33","Tirol","EAFRD","2008","2000-2006","980289","569383","39851","1261"
"AT","AT3","AT33","Tirol","EAFRD","2009","2000-2006","0","78689","6228","197"
"AT","AT3","AT33","Tirol","EAFRD","2010","2000-2006","147086","0","0","0"
"AT","AT3","AT33","Tirol","EAFRD","2007","2007-2013","37608672","45206451","2211362","69964"
"AT","AT3","AT33","Tirol","EAFRD","2008","2007-2013","43456177","44218404","221849","7019"
"AT","AT3","AT33","Tirol","EAFRD","2009","2007-2013","47815802","47258804","162116","5129"
"AT","AT3","AT33","Tirol","EAFRD","2010","2007-2013","44630001","43918573","207064","6551"
"AT","AT3","AT33","Tirol","EAFRD","2011","2007-2013","40560924","41041737","139942","4428"
"AT","AT3","AT33","Tirol","EAFRD","2012","2007-2013","43310973","43635938","139942","4428"
"AT","AT3","AT33","Tirol","EAFRD","2013","2007-2013","45169637","40431589","1379027","43630"
"AT","AT3","AT33","Tirol","EAFRD","2014","2007-2013","18069948","15729701","681138","21550"
"AT","AT3","AT33","Tirol","EAFRD","2015","2007-2013","4684697","3865636","238391","7542"
"AT","AT3","AT33","Tirol","ERDF","1994","1994-1999","0","526572","52789","1670"
"AT","AT3","AT33","Tirol","ERDF","1995","1994-1999","1321000","1896916","57736","1827"
"AT","AT3","AT33","Tirol","ERDF","1996","1994-1999","2765789","2227012","54012","1709"
"AT","AT3","AT33","Tirol","ERDF","1997","1994-1999","1414169","2033192","62057","1963"
"AT","AT3","AT33","Tirol","ERDF","1998","1994-1999","2967098","3176370","222049","7025"
"AT","AT3","AT33","Tirol","ERDF","1999","1994-1999","3149161","3167147","180022","5696"
"AT","AT3","AT33","Tirol","ERDF","2000","1994-1999","3383989","2203607","141679","4483"
"AT","AT3","AT33","Tirol","ERDF","2001","1994-1999","133955","470068","112278","3552"
"AT","AT3","AT33","Tirol","ERDF","2002","1994-1999","115678","853495","56714","1794"
"AT","AT3","AT33","Tirol","ERDF","2003","1994-1999","1301267","0","0","0"
"AT","AT3","AT33","Tirol","ERDF","2004","1994-1999","2273","0","0","0"
"AT","AT3","AT33","Tirol","ERDF","2000","2000-2006","0","1008530","143902","4553"
"AT","AT3","AT33","Tirol","ERDF","2001","2000-2006","3306256","3406906","14361","454"
"AT","AT3","AT33","Tirol","ERDF","2002","2000-2006","3636215","5376459","248306","7856"
"AT","AT3","AT33","Tirol","ERDF","2003","2000-2006","9341243","7557721","254481","8051"
"AT","AT3","AT33","Tirol","ERDF","2004","2000-2006","3494335","5341776","263601","8340"
"AT","AT3","AT33","Tirol","ERDF","2005","2000-2006","9550786","8057766","213031","6740"
"AT","AT3","AT33","Tirol","ERDF","2006","2000-2006","4656230","6068960","213031","6740"
"AT","AT3","AT33","Tirol","ERDF","2007","2000-2006","8865307","7128423","290889","9203"
"AT","AT3","AT33","Tirol","ERDF","2008","2000-2006","2990690","2606082","141131","4465"
"AT","AT3","AT33","Tirol","ERDF","2009","2000-2006","2332700","1621141","101529","3212"
"AT","AT3","AT33","Tirol","ERDF","2007","2007-2013","695460","1212670","45131","1428"
"AT","AT3","AT33","Tirol","ERDF","2008","2007-2013","1043190","2092695","91579","2897"
"AT","AT3","AT33","Tirol","ERDF","2009","2007-2013","3159993","2834704","28385","898"
"AT","AT3","AT33","Tirol","ERDF","2010","2007-2013","2503900","3347752","302878","9583"
"AT","AT3","AT33","Tirol","ERDF","2011","2007-2013","3953868","3627787","227538","7199"
"AT","AT3","AT33","Tirol","ERDF","2012","2007-2013","3062090","2143625","227538","7199"
"AT","AT3","AT33","Tirol","ERDF","2013","2007-2013","0","1728771","1296494","41019"
"AT","AT3","AT33","Tirol","ERDF","2014","2007-2013","0","6660179","2003509","63388"
"AT","AT3","AT33","Tirol","ERDF","2015","2007-2013","18615838","9386155","805376","25481"
"AT","AT3","AT33","Tirol","ESF","2000","2000-2006","2768694","3455482","278108","8799"
"AT","AT3","AT33","Tirol","ESF","2001","2000-2006","5106577","5269053","65793","2082"
"AT","AT3","AT33","Tirol","ESF","2002","2000-2006","6314658","6196890","47689","1509"
"AT","AT3","AT33","Tirol","ESF","2003","2000-2006","5438994","5741044","122312","3870"
"AT","AT3","AT33","Tirol","ESF","2004","2000-2006","7684874","7847163","65717","2079"
"AT","AT3","AT33","Tirol","ESF","2005","2000-2006","8891566","8678910","86113","2724"
"AT","AT3","AT33","Tirol","ESF","2006","2000-2006","7310373","6546493","86113","2724"
"AT","AT3","AT33","Tirol","ESF","2007","2000-2006","1630575","1451085","72683","2300"
"AT","AT3","AT33","Tirol","ESF","2008","2000-2006","295985","532704","95857","3033"
"AT","AT3","AT33","Tirol","ESF","2009","2000-2006","0","1779570","111976","3543"
"AT","AT3","AT33","Tirol","ESF","2013","2000-2006","2056096","0","0","0"
"AT","AT3","AT33","Tirol","ESF","2007","2007-2013","683605","947742","46862","1483"
"AT","AT3","AT33","Tirol","ESF","2008","2007-2013","1025408","2597183","278857","8823"
"AT","AT3","AT33","Tirol","ESF","2009","2007-2013","7127210","6122274","178291","5641"
"AT","AT3","AT33","Tirol","ESF","2010","2007-2013","3225939","3075784","26640","843"
"AT","AT3","AT33","Tirol","ESF","2011","2007-2013","2643021","4194461","275249","8709"
"AT","AT3","AT33","Tirol","ESF","2012","2007-2013","8665881","7932509","275249","8709"
"AT","AT3","AT33","Tirol","ESF","2013","2007-2013","5818851","5165207","115967","3669"
"AT","AT3","AT33","Tirol","ESF","2014","2007-2013","3281332","2436087","149959","4745"
"AT","AT3","AT34","Vorarlberg","EAFRD","1994","1994-1999","0","95645","12078","382"
"AT","AT3","AT34","Vorarlberg","EAFRD","1995","1994-1999","291000","434055","18065","572"
"AT","AT3","AT34","Vorarlberg","EAFRD","1996","1994-1999","726244","525802","25311","801"
"AT","AT3","AT34","Vorarlberg","EAFRD","1997","1994-1999","116400","278443","20462","647"
"AT","AT3","AT34","Vorarlberg","EAFRD","1998","1994-1999","609415","655803","5858","185"
"AT","AT3","AT34","Vorarlberg","EAFRD","1999","1994-1999","750550","728715","9716","307"
"AT","AT3","AT34","Vorarlberg","EAFRD","2000","1994-1999","662670","489705","23065","730"
"AT","AT3","AT34","Vorarlberg","EAFRD","2001","1994-1999","128217","112795","6909","219"
"AT","AT3","AT34","Vorarlberg","EAFRD","2002","1994-1999","0","74486","4605","146"
"AT","AT3","AT34","Vorarlberg","EAFRD","2003","1994-1999","110955","0","0","0"
"AT","AT3","AT34","Vorarlberg","EAFRD","2000","2000-2006","0","50695","4616","146"
"AT","AT3","AT34","Vorarlberg","EAFRD","2001","2000-2006","109019","73850","3202","101"
"AT","AT3","AT34","Vorarlberg","EAFRD","2002","2000-2006","33389","61212","2533","80"
"AT","AT3","AT34","Vorarlberg","EAFRD","2003","2000-2006","93221","121306","2557","81"
"AT","AT3","AT34","Vorarlberg","EAFRD","2004","2000-2006","153617","212056","28076","888"
"AT","AT3","AT34","Vorarlberg","EAFRD","2005","2000-2006","250941","267630","28699","908"
"AT","AT3","AT34","Vorarlberg","EAFRD","2006","2000-2006","245344","296973","28699","908"
"AT","AT3","AT34","Vorarlberg","EAFRD","2007","2000-2006","360595","289158","24646","780"
"AT","AT3","AT34","Vorarlberg","EAFRD","2008","2000-2006","259544","150901","10411","329"
"AT","AT3","AT34","Vorarlberg","EAFRD","2009","2000-2006","0","20834","1649","52"
"AT","AT3","AT34","Vorarlberg","EAFRD","2010","2000-2006","38943","0","0","0"
"AT","AT3","AT34","Vorarlberg","EAFRD","2007","2007-2013","10210499","12273244","600370","18995"
"AT","AT3","AT34","Vorarlberg","EAFRD","2008","2007-2013","11798057","12004996","60230","1906"
"AT","AT3","AT34","Vorarlberg","EAFRD","2009","2007-2013","12981665","12830444","44014","1393"
"AT","AT3","AT34","Vorarlberg","EAFRD","2010","2007-2013","12116742","11923594","56216","1779"
"AT","AT3","AT34","Vorarlberg","EAFRD","2011","2007-2013","11012015","11142553","37993","1202"
"AT","AT3","AT34","Vorarlberg","EAFRD","2012","2007-2013","11758635","11846861","37993","1202"
"AT","AT3","AT34","Vorarlberg","EAFRD","2013","2007-2013","12263250","10976902","374396","11845"
"AT","AT3","AT34","Vorarlberg","EAFRD","2014","2007-2013","4905868","4270507","184924","5851"
"AT","AT3","AT34","Vorarlberg","EAFRD","2015","2007-2013","1271864","1049494","64722","2048"
"AT","AT3","AT34","Vorarlberg","ERDF","1994","1994-1999","0","808705","123271","3900"
"AT","AT3","AT34","Vorarlberg","ERDF","1995","1994-1999","2856550","2128206","111022","3513"
"AT","AT3","AT34","Vorarlberg","ERDF","1996","1994-1999","283855","1094337","123542","3909"
"AT","AT3","AT34","Vorarlberg","ERDF","1997","1994-1999","3146683","2359286","120023","3797"
"AT","AT3","AT34","Vorarlberg","ERDF","1998","1994-1999","365398","467149","15510","491"
"AT","AT3","AT34","Vorarlberg","ERDF","1999","1994-1999","724809","686928","84630","2678"
"AT","AT3","AT34","Vorarlberg","ERDF","2000","1994-1999","365892","664325","76437","2418"
"AT","AT3","AT34","Vorarlberg","ERDF","2001","1994-1999","1360937","1206515","62765","1986"
"AT","AT3","AT34","Vorarlberg","ERDF","2002","1994-1999","775854","788359","47456","1501"
"AT","AT3","AT34","Vorarlberg","ERDF","2003","1994-1999","322642","0","0","0"
"AT","AT3","AT34","Vorarlberg","ERDF","2004","1994-1999","1190","0","0","0"
"AT","AT3","AT34","Vorarlberg","ERDF","2000","2000-2006","0","900384","137495","4350"
"AT","AT3","AT34","Vorarlberg","ERDF","2001","2000-2006","3112038","3053269","8974","284"
"AT","AT3","AT34","Vorarlberg","ERDF","2002","2000-2006","2908913","2766374","21767","689"
"AT","AT3","AT34","Vorarlberg","ERDF","2003","2000-2006","2416251","3064698","99023","3133"
"AT","AT3","AT34","Vorarlberg","ERDF","2004","2000-2006","4657507","4241573","63516","2010"
"AT","AT3","AT34","Vorarlberg","ERDF","2005","2000-2006","3219895","3544424","49558","1568"
"AT","AT3","AT34","Vorarlberg","ERDF","2006","2000-2006","4341579","4474289","49558","1568"
"AT","AT3","AT34","Vorarlberg","ERDF","2007","2000-2006","4526634","3774772","142069","4495"
"AT","AT3","AT34","Vorarlberg","ERDF","2008","2000-2006","1884234","1613547","80044","2532"
"AT","AT3","AT34","Vorarlberg","ERDF","2009","2000-2006","404611","899710","55934","1770"
"AT","AT3","AT34","Vorarlberg","ERDF","2010","2000-2006","861379","0","0","0"
"AT","AT3","AT34","Vorarlberg","ERDF","2007","2007-2013","353203","575928","21931","694"
"AT","AT3","AT34","Vorarlberg","ERDF","2008","2007-2013","529804","1274914","73370","2321"
"AT","AT3","AT34","Vorarlberg","ERDF","2009","2007-2013","2302222","1928780","36772","1163"
"AT","AT3","AT34","Vorarlberg","ERDF","2010","2007-2013","1413905","1929443","50764","1606"
"AT","AT3","AT34","Vorarlberg","ERDF","2011","2007-2013","2640231","2185096","98984","3132"
"AT","AT3","AT34","Vorarlberg","ERDF","2012","2007-2013","1455845","1039145","98984","3132"
"AT","AT3","AT34","Vorarlberg","ERDF","2013","2007-2013","0","626092","497990","15756"
"AT","AT3","AT34","Vorarlberg","ERDF","2014","2007-2013","0","2533382","739828","23407"
"AT","AT3","AT34","Vorarlberg","ERDF","2015","2007-2013","8081914","4684341","334552","10585"
"AT","AT3","AT34","Vorarlberg","ESF","2000","2000-2006","3179257","3965408","319133","10097"
"AT","AT3","AT34","Vorarlberg","ESF","2001","2000-2006","5857177","6044262","75946","2403"
"AT","AT3","AT34","Vorarlberg","ESF","2002","2000-2006","7251042","7115407","55060","1742"
"AT","AT3","AT34","Vorarlberg","ESF","2003","2000-2006","6240497","6584576","139676","4419"
"AT","AT3","AT34","Vorarlberg","ESF","2004","2000-2006","8804038","8990039","75506","2389"
"AT","AT3","AT34","Vorarlberg","ESF","2005","2000-2006","10189832","9946114","98936","3130"
"AT","AT3","AT34","Vorarlberg","ESF","2006","2000-2006","8374024","7499918","98936","3130"
"AT","AT3","AT34","Vorarlberg","ESF","2007","2000-2006","1861543","1656746","83136","2630"
"AT","AT3","AT34","Vorarlberg","ESF","2008","2000-2006","335714","607547","110349","3491"
"AT","AT3","AT34","Vorarlberg","ESF","2009","2000-2006","0","2044097","128640","4070"
"AT","AT3","AT34","Vorarlberg","ESF","2013","2000-2006","2360989","0","0","0"
"AT","AT3","AT34","Vorarlberg","ESF","2007","2007-2013","834377","1156770","57197","1810"
"AT","AT3","AT34","Vorarlberg","ESF","2008","2007-2013","1251565","3170001","340360","10769"
"AT","AT3","AT34","Vorarlberg","ESF","2009","2007-2013","8699142","7472564","217614","6885"
"AT","AT3","AT34","Vorarlberg","ESF","2010","2007-2013","3937431","3754159","32515","1029"
"AT","AT3","AT34","Vorarlberg","ESF","2011","2007-2013","3225948","5119565","335957","10629"
"AT","AT3","AT34","Vorarlberg","ESF","2012","2007-2013","10577173","9682053","335957","10629"
"AT","AT3","AT34","Vorarlberg","ESF","2013","2007-2013","7102220","6304412","141543","4478"
"AT","AT3","AT34","Vorarlberg","ESF","2014","2007-2013","4005042","2973375","183033","5791"
"BE","BE1","BE10","Région de Bruxelles-Capitale / Brussels Hoofdstedelijk Gewest","EAFRD","1993","1989-1993","0","88","31","1"
"BE","BE1","BE10","Région de Bruxelles-Capitale / Brussels Hoofdstedelijk Gewest","EAFRD","1994","1989-1993","590","552","13","0"
"BE","BE1","BE10","Région de Bruxelles-Capitale / Brussels Hoofdstedelijk Gewest","EAFRD","1995","1989-1993","340","289","18","1"
"BE","BE1","BE10","Région de Bruxelles-Capitale / Brussels Hoofdstedelijk Gewest","EAFRD","1996","1989-1993","0","78","28","1"
"BE","BE1","BE10","Région de Bruxelles-Capitale / Brussels Hoofdstedelijk Gewest","EAFRD","1997","1989-1993","522","444","28","1"
"BE","BE1","BE10","Région de Bruxelles-Capitale / Brussels Hoofdstedelijk Gewest","EAFRD","2007","2007-2013","194693","239256","11418","361"
"BE","BE1","BE10","Région de Bruxelles-Capitale / Brussels Hoofdstedelijk Gewest","EAFRD","2008","2007-2013","231092","231632","138","4"
"BE","BE1","BE10","Région de Bruxelles-Capitale / Brussels Hoofdstedelijk Gewest","EAFRD","2009","2007-2013","233891","252168","4683","148"
"BE","BE1","BE10","Région de Bruxelles-Capitale / Brussels Hoofdstedelijk Gewest","EAFRD","2010","2007-2013","328670","328188","124","4"
"BE","BE1","BE10","Région de Bruxelles-Capitale / Brussels Hoofdstedelijk Gewest","EAFRD","2011","2007-2013","326170","313476","3253","103"
"BE","BE1","BE10","Région de Bruxelles-Capitale / Brussels Hoofdstedelijk Gewest","EAFRD","2012","2007-2013","260341","243229","3253","103"
"BE","BE1","BE10","Région de Bruxelles-Capitale / Brussels Hoofdstedelijk Gewest","EAFRD","2013","2007-2013","171605","161811","2509","79"
"BE","BE1","BE10","Région de Bruxelles-Capitale / Brussels Hoofdstedelijk Gewest","EAFRD","2014","2007-2013","120815","106232","3737","118"
"BE","BE1","BE10","Région de Bruxelles-Capitale / Brussels Hoofdstedelijk Gewest","EAFRD","2015","2007-2013","45191","36477","2233","71"
"BE","BE1","BE10","Région de Bruxelles-Capitale / Brussels Hoofdstedelijk Gewest","ERDF","1990","1989-1993","0","1608","131","4"
"BE","BE1","BE10","Région de Bruxelles-Capitale / Brussels Hoofdstedelijk Gewest","ERDF","1991","1989-1993","2716","32808","2666","84"
"BE","BE1","BE10","Région de Bruxelles-Capitale / Brussels Hoofdstedelijk Gewest","ERDF","1992","1989-1993","52903","23148","3379","107"
"BE","BE1","BE10","Région de Bruxelles-Capitale / Brussels Hoofdstedelijk Gewest","ERDF","1993","1989-1993","0","9470","2175","69"
"BE","BE1","BE10","Région de Bruxelles-Capitale / Brussels Hoofdstedelijk Gewest","ERDF","1994","1989-1993","13553","20008","3207","101"
"BE","BE1","BE10","Région de Bruxelles-Capitale / Brussels Hoofdstedelijk Gewest","ERDF","1995","1989-1993","28505","13222","1658","52"
"BE","BE1","BE10","Région de Bruxelles-Capitale / Brussels Hoofdstedelijk Gewest","ERDF","1996","1989-1993","0","4004","1835","58"
"BE","BE1","BE10","Région de Bruxelles-Capitale / Brussels Hoofdstedelijk Gewest","ERDF","1997","1989-1993","0","10795","3200","101"
"BE","BE1","BE10","Région de Bruxelles-Capitale / Brussels Hoofdstedelijk Gewest","ERDF","1998","1989-1993","0","11979","1421","45"
"BE","BE1","BE10","Région de Bruxelles-Capitale / Brussels Hoofdstedelijk Gewest","ERDF","2002","1989-1993","29365","0","0","0"
"BE","BE1","BE10","Région de Bruxelles-Capitale / Brussels Hoofdstedelijk Gewest","ERDF","1994","1994-1999","0","392461","35109","1111"
"BE","BE1","BE10","Région de Bruxelles-Capitale / Brussels Hoofdstedelijk Gewest","ERDF","1995","1994-1999","863500","873499","894","28"
"BE","BE1","BE10","Région de Bruxelles-Capitale / Brussels Hoofdstedelijk Gewest","ERDF","1996","1994-1999","885500","819788","5878","186"
"BE","BE1","BE10","Région de Bruxelles-Capitale / Brussels Hoofdstedelijk Gewest","ERDF","1997","1994-1999","740920","459959","104351","3302"
"BE","BE1","BE10","Région de Bruxelles-Capitale / Brussels Hoofdstedelijk Gewest","ERDF","1998","1994-1999","16951","549032","96553","3055"
"BE","BE1","BE10","Région de Bruxelles-Capitale / Brussels Hoofdstedelijk Gewest","ERDF","1999","1994-1999","1083034","1070319","73966","2340"
"BE","BE1","BE10","Région de Bruxelles-Capitale / Brussels Hoofdstedelijk Gewest","ERDF","2000","1994-1999","1037943","857083","58706","1857"
"BE","BE1","BE10","Région de Bruxelles-Capitale / Brussels Hoofdstedelijk Gewest","ERDF","2001","1994-1999","584487","576516","70882","2243"
"BE","BE1","BE10","Région de Bruxelles-Capitale / Brussels Hoofdstedelijk Gewest","ERDF","2002","1994-1999","407606","463671","34560","1093"
"BE","BE1","BE10","Région de Bruxelles-Capitale / Brussels Hoofdstedelijk Gewest","ERDF","2003","1994-1999","40046","0","0","0"
"BE","BE1","BE10","Région de Bruxelles-Capitale / Brussels Hoofdstedelijk Gewest","ERDF","2004","1994-1999","402342","0","0","0"
"BE","BE1","BE10","Région de Bruxelles-Capitale / Brussels Hoofdstedelijk Gewest","ERDF","2000","2000-2006","0","1731188","153922","4870"
"BE","BE1","BE10","Région de Bruxelles-Capitale / Brussels Hoofdstedelijk Gewest","ERDF","2001","2000-2006","3569767","2722098","75367","2385"
"BE","BE1","BE10","Région de Bruxelles-Capitale / Brussels Hoofdstedelijk Gewest","ERDF","2002","2000-2006","1821846","2089994","23841","754"
"BE","BE1","BE10","Région de Bruxelles-Capitale / Brussels Hoofdstedelijk Gewest","ERDF","2003","2000-2006","2374776","6298550","577852","18282"
"BE","BE1","BE10","Région de Bruxelles-Capitale / Brussels Hoofdstedelijk Gewest","ERDF","2004","2000-2006","10063368","6615406","1008480","31907"
"BE","BE1","BE10","Région de Bruxelles-Capitale / Brussels Hoofdstedelijk Gewest","ERDF","2005","2000-2006","1546230","4976244","871885","27585"
"BE","BE1","BE10","Région de Bruxelles-Capitale / Brussels Hoofdstedelijk Gewest","ERDF","2006","2000-2006","7404852","8440757","871885","27585"
"BE","BE1","BE10","Région de Bruxelles-Capitale / Brussels Hoofdstedelijk Gewest","ERDF","2007","2000-2006","9524143","8197356","686598","21723"
"BE","BE1","BE10","Région de Bruxelles-Capitale / Brussels Hoofdstedelijk Gewest","ERDF","2008","2000-2006","7382899","5832537","574089","18163"
"BE","BE1","BE10","Région de Bruxelles-Capitale / Brussels Hoofdstedelijk Gewest","ERDF","2009","2000-2006","4551867","3415764","285962","9047"
"BE","BE1","BE10","Région de Bruxelles-Capitale / Brussels Hoofdstedelijk Gewest","ERDF","2010","2000-2006","2080148","0","0","0"
"BE","BE1","BE10","Région de Bruxelles-Capitale / Brussels Hoofdstedelijk Gewest","ERDF","2007","2007-2013","1151849","1902130","71805","2272"
"BE","BE1","BE10","Région de Bruxelles-Capitale / Brussels Hoofdstedelijk Gewest","ERDF","2008","2007-2013","1727774","3302498","150708","4768"
"BE","BE1","BE10","Région de Bruxelles-Capitale / Brussels Hoofdstedelijk Gewest","ERDF","2009","2007-2013","5354107","3029102","222513","7040"
"BE","BE1","BE10","Région de Bruxelles-Capitale / Brussels Hoofdstedelijk Gewest","ERDF","2010","2007-2013","0","2629778","251681","7963"
"BE","BE1","BE10","Région de Bruxelles-Capitale / Brussels Hoofdstedelijk Gewest","ERDF","2011","2007-2013","6055950","5966344","681487","21561"
"BE","BE1","BE10","Région de Bruxelles-Capitale / Brussels Hoofdstedelijk Gewest","ERDF","2012","2007-2013","5038564","6539686","681487","21561"
"BE","BE1","BE10","Région de Bruxelles-Capitale / Brussels Hoofdstedelijk Gewest","ERDF","2013","2007-2013","8065456","5941534","1078077","34109"
"BE","BE2","BE21","Prov. Antwerpen","EAFRD","2001","2000-2006","0","29066","2452","78"
"BE","BE1","BE10","Région de Bruxelles-Capitale / Brussels Hoofdstedelijk Gewest","ERDF","2014","2007-2013","0","5521455","1572081","49738"
"BE","BE1","BE10","Région de Bruxelles-Capitale / Brussels Hoofdstedelijk Gewest","ERDF","2015","2007-2013","17130408","9691581","711927","22524"
"BE","BE1","BE10","Région de Bruxelles-Capitale / Brussels Hoofdstedelijk Gewest","ESF","2000","2000-2006","2819477","3956019","195905","6198"
"BE","BE1","BE10","Région de Bruxelles-Capitale / Brussels Hoofdstedelijk Gewest","ESF","2001","2000-2006","4379782","4734602","61160","1935"
"BE","BE1","BE10","Région de Bruxelles-Capitale / Brussels Hoofdstedelijk Gewest","ESF","2002","2000-2006","5747117","5223182","90310","2857"
"BE","BE1","BE10","Région de Bruxelles-Capitale / Brussels Hoofdstedelijk Gewest","ESF","2003","2000-2006","3728080","4125252","68460","2166"
"BE","BE3","BE33","Prov. Liège","EAFRD","1998","1994-1999","515435","357797","70648","2235"
"BE","BE1","BE10","Région de Bruxelles-Capitale / Brussels Hoofdstedelijk Gewest","ESF","2004","2000-2006","5258621","5814270","95777","3030"
"BE","BE1","BE10","Région de Bruxelles-Capitale / Brussels Hoofdstedelijk Gewest","ESF","2005","2000-2006","7399870","5785985","278184","8801"
"BE","BE1","BE10","Région de Bruxelles-Capitale / Brussels Hoofdstedelijk Gewest","ESF","2006","2000-2006","1180597","2648339","278184","8801"
"BE","BE1","BE10","Région de Bruxelles-Capitale / Brussels Hoofdstedelijk Gewest","ESF","2007","2000-2006","6095812","5756782","221307","7002"
"BE","BE1","BE10","Région de Bruxelles-Capitale / Brussels Hoofdstedelijk Gewest","ESF","2008","2000-2006","4132860","4101619","260529","8243"
"BE","BE1","BE10","Région de Bruxelles-Capitale / Brussels Hoofdstedelijk Gewest","ESF","2009","2000-2006","4694115","4005984","241978","7656"
"BE","BE1","BE10","Région de Bruxelles-Capitale / Brussels Hoofdstedelijk Gewest","ESF","2010","2000-2006","669695","0","0","0"
"BE","BE1","BE10","Région de Bruxelles-Capitale / Brussels Hoofdstedelijk Gewest","ESF","2012","2000-2006","46008","0","0","0"
"BE","BE1","BE10","Région de Bruxelles-Capitale / Brussels Hoofdstedelijk Gewest","ESF","2007","2007-2013","779924","1470891","56947","1802"
"BE","BE1","BE10","Région de Bruxelles-Capitale / Brussels Hoofdstedelijk Gewest","ESF","2008","2007-2013","1169887","1054726","9491","300"
"BE","BE2","BE21","Prov. Antwerpen","ERDF","1997","1994-1999","13202485","10134045","384855","12176"
"BE","BE1","BE10","Région de Bruxelles-Capitale / Brussels Hoofdstedelijk Gewest","ESF","2009","2007-2013","974906","4529025","442082","13987"
"BE","BE1","BE10","Région de Bruxelles-Capitale / Brussels Hoofdstedelijk Gewest","ESF","2010","2007-2013","6745167","4491625","363086","11488"
"BE","BE1","BE10","Région de Bruxelles-Capitale / Brussels Hoofdstedelijk Gewest","ESF","2011","2007-2013","2622093","2601950","345184","10921"
"BE","BE1","BE10","Région de Bruxelles-Capitale / Brussels Hoofdstedelijk Gewest","ESF","2012","2007-2013","2146397","1989896","345184","10921"
"BE","BE1","BE10","Région de Bruxelles-Capitale / Brussels Hoofdstedelijk Gewest","ESF","2013","2007-2013","0","3869982","979241","30982"
"BE","BE1","BE10","Région de Bruxelles-Capitale / Brussels Hoofdstedelijk Gewest","ESF","2014","2007-2013","4767882","7805783","1491034","47174"
"BE","BE1","BE10","Région de Bruxelles-Capitale / Brussels Hoofdstedelijk Gewest","ESF","2015","2007-2013","12736877","6990987","691293","21872"
"BE","BE1","BE10","Région de Bruxelles-Capitale / Brussels Hoofdstedelijk Gewest","ESF","2016","2007-2013","4845251","1983518","235855","7462"
"BE","BE2","BE21","Prov. Antwerpen","EAFRD","1993","1989-1993","0","7453","865","27"
"BE","BE2","BE21","Prov. Antwerpen","EAFRD","1994","1989-1993","20796","17862","530","17"
"BE","BE2","BE21","Prov. Antwerpen","EAFRD","1995","1989-1993","11979","8732","1104","35"
"BE","BE2","BE21","Prov. Antwerpen","EAFRD","1996","1989-1993","0","5324","1417","45"
"BE","BE2","BE21","Prov. Antwerpen","EAFRD","1997","1989-1993","18406","11810","765","24"
"BE","BE2","BE21","Prov. Antwerpen","EAFRD","1994","1994-1999","0","54301","4930","156"
"BE","BE2","BE21","Prov. Antwerpen","EAFRD","1995","1994-1999","120559","66258","4930","156"
"BE","BE2","BE21","Prov. Antwerpen","EAFRD","1996","1994-1999","0","54563","4954","157"
"BE","BE2","BE21","Prov. Antwerpen","EAFRD","1997","1994-1999","121141","184504","45893","1452"
"BE","BE2","BE21","Prov. Antwerpen","EAFRD","1998","1994-1999","212349","347239","41248","1305"
"BE","BE2","BE21","Prov. Antwerpen","EAFRD","1999","1994-1999","457298","470370","34762","1100"
"BE","BE2","BE21","Prov. Antwerpen","EAFRD","2000","1994-1999","474740","426652","45470","1439"
"BE","BE2","BE21","Prov. Antwerpen","EAFRD","2001","1994-1999","483560","265760","19774","626"
"BE","BE2","BE21","Prov. Antwerpen","EAFRD","2002","2000-2006","54140","25074","2452","78"
"BE","BE2","BE21","Prov. Antwerpen","EAFRD","2003","2000-2006","0","10555","22051","698"
"BE","BE2","BE21","Prov. Antwerpen","EAFRD","2004","2000-2006","959","122342","19384","613"
"BE","BE2","BE21","Prov. Antwerpen","EAFRD","2005","2000-2006","212852","190821","14819","469"
"BE","BE2","BE21","Prov. Antwerpen","EAFRD","2006","2000-2006","160046","148417","14819","469"
"BE","BE2","BE21","Prov. Antwerpen","EAFRD","2007","2000-2006","132769","127262","19165","606"
"BE","BE2","BE21","Prov. Antwerpen","EAFRD","2008","2000-2006","172801","80031","7827","248"
"BE","BE2","BE21","Prov. Antwerpen","EAFRD","2009","2000-2006","0","0","0","0"
"BE","BE2","BE21","Prov. Antwerpen","EAFRD","2010","2000-2006","1","0","0","0"
"BE","BE2","BE21","Prov. Antwerpen","EAFRD","2007","2007-2013","6424865","7895455","376793","11921"
"BE","BE2","BE21","Prov. Antwerpen","EAFRD","2008","2007-2013","7626024","7643842","4565","144"
"BE","BE2","BE21","Prov. Antwerpen","EAFRD","2009","2007-2013","7718419","8321556","154536","4889"
"BE","BE2","BE21","Prov. Antwerpen","EAFRD","2010","2007-2013","10846105","10830198","4076","129"
"BE","BE2","BE21","Prov. Antwerpen","EAFRD","2011","2007-2013","10763615","10344701","107334","3396"
"BE","BE2","BE21","Prov. Antwerpen","EAFRD","2012","2007-2013","8591257","8026569","107334","3396"
"BE","BE2","BE21","Prov. Antwerpen","EAFRD","2013","2007-2013","5662959","5339753","82812","2620"
"BE","BE2","BE21","Prov. Antwerpen","EAFRD","2014","2007-2013","3986910","3505663","123305","3901"
"BE","BE2","BE21","Prov. Antwerpen","EAFRD","2015","2007-2013","1491313","1203731","73684","2331"
"BE","BE2","BE21","Prov. Antwerpen","ERDF","1989","1989-1993","0","753620","92274","2919"
"BE","BE2","BE21","Prov. Antwerpen","ERDF","1990","1989-1993","2220500","1590920","77086","2439"
"BE","BE2","BE21","Prov. Antwerpen","ERDF","1991","1989-1993","365478","3607960","397013","12561"
"BE","BE2","BE21","Prov. Antwerpen","ERDF","1992","1989-1993","9919278","6815241","380062","12025"
"BE","BE2","BE21","Prov. Antwerpen","ERDF","1993","1989-1993","773400","3392339","320666","10145"
"BE","BE2","BE21","Prov. Antwerpen","ERDF","1994","1989-1993","8489964","5856658","325885","10311"
"BE","BE2","BE21","Prov. Antwerpen","ERDF","1995","1989-1993","641389","554662","136219","4310"
"BE","BE2","BE21","Prov. Antwerpen","ERDF","1996","1989-1993","0","687065","172524","5458"
"BE","BE2","BE21","Prov. Antwerpen","ERDF","1997","1989-1993","2378227","1664815","91244","2887"
"BE","BE2","BE21","Prov. Antwerpen","ERDF","1998","1989-1993","349500","262859","16535","523"
"BE","BE2","BE21","Prov. Antwerpen","ERDF","2002","1989-1993","48405","0","0","0"
"BE","BE2","BE21","Prov. Antwerpen","ERDF","1994","1994-1999","9360000","10022168","83052","2628"
"BE","BE2","BE21","Prov. Antwerpen","ERDF","1995","1994-1999","2016176","1467405","68829","2178"
"BE","BE2","BE21","Prov. Antwerpen","ERDF","1996","1994-1999","345272","4567938","529622","16757"
"BE","BE2","BE21","Prov. Antwerpen","ERDF","1998","1994-1999","3859671","3373599","60965","1929"
"BE","BE2","BE21","Prov. Antwerpen","ERDF","1999","1994-1999","2379675","5116145","394949","12496"
"BE","BE2","BE21","Prov. Antwerpen","ERDF","2000","1994-1999","10285750","7724687","401407","12700"
"BE","BE2","BE21","Prov. Antwerpen","ERDF","2001","1994-1999","1483687","2354162","350149","11078"
"BE","BE2","BE21","Prov. Antwerpen","ERDF","2002","1994-1999","912616","3736752","229203","7252"
"BE","BE2","BE21","Prov. Antwerpen","ERDF","2003","1994-1999","68408","0","0","0"
"BE","BE2","BE21","Prov. Antwerpen","ERDF","2004","1994-1999","4583160","0","0","0"
"BE","BE2","BE21","Prov. Antwerpen","ERDF","2000","2000-2006","0","1392988","141822","4487"
"BE","BE2","BE21","Prov. Antwerpen","ERDF","2001","2000-2006","3406064","3056013","35639","1128"
"BE","BE2","BE21","Prov. Antwerpen","ERDF","2002","2000-2006","2550138","3335954","80005","2531"
"BE","BE2","BE21","Prov. Antwerpen","ERDF","2003","2000-2006","4471576","5712828","126374","3998"
"BE","BE2","BE21","Prov. Antwerpen","ERDF","2004","2000-2006","7506623","6771234","699789","22140"
"BE","BE2","BE21","Prov. Antwerpen","ERDF","2005","2000-2006","4857968","6105535","721486","22827"
"BE","BE2","BE21","Prov. Antwerpen","ERDF","2006","2000-2006","6713690","8075616","721486","22827"
"BE","BE2","BE21","Prov. Antwerpen","ERDF","2007","2000-2006","10175665","8197023","498504","15772"
"BE","BE2","BE21","Prov. Antwerpen","ERDF","2008","2000-2006","6084864","4518230","303267","9595"
"BE","BE2","BE21","Prov. Antwerpen","ERDF","2009","2000-2006","3036149","2021526","142417","4506"
"BE","BE2","BE21","Prov. Antwerpen","ERDF","2011","2000-2006","211137","0","0","0"
"BE","BE2","BE21","Prov. Antwerpen","ERDF","2013","2000-2006","173076","0","0","0"
"BE","BE2","BE21","Prov. Antwerpen","ERDF","2007","2007-2013","1096556","1474947","77681","2458"
"BE","BE2","BE21","Prov. Antwerpen","ERDF","2008","2007-2013","1644834","2439130","163064","5159"
"BE","BE2","BE21","Prov. Antwerpen","ERDF","2009","2007-2013","5097570","5940526","173054","5475"
"BE","BE2","BE21","Prov. Antwerpen","ERDF","2010","2007-2013","8761829","9071158","63503","2009"
"BE","BE2","BE21","Prov. Antwerpen","ERDF","2011","2007-2013","10106456","10221648","23648","748"
"BE","BE2","BE21","Prov. Antwerpen","ERDF","2012","2007-2013","10607185","10241425","23648","748"
"BE","BE2","BE21","Prov. Antwerpen","ERDF","2013","2007-2013","9017258","7875253","234446","7418"
"BE","BE2","BE21","Prov. Antwerpen","ERDF","2014","2007-2013","4053059","3185263","188640","5968"
"BE","BE2","BE21","Prov. Antwerpen","ERDF","2015","2007-2013","0","326860","93364","2954"
"BE","BE2","BE21","Prov. Antwerpen","ERDF","2016","2007-2013","1701657","1310194","80365","2543"
"BE","BE2","BE21","Prov. Antwerpen","ESF","2000","2000-2006","3993206","5739604","193544","6123"
"BE","BE2","BE21","Prov. Antwerpen","ESF","2001","2000-2006","4770399","5475869","78183","2474"
"BE","BE2","BE21","Prov. Antwerpen","ESF","2002","2000-2006","6697435","5298197","155070","4906"
"BE","BE2","BE21","Prov. Antwerpen","ESF","2003","2000-2006","2875326","11351979","939422","29722"
"BE","BE2","BE21","Prov. Antwerpen","ESF","2004","2000-2006","26029856","22737064","364922","11546"
"BE","BE2","BE21","Prov. Antwerpen","ESF","2005","2000-2006","17035379","18434676","1290438","40828"
"BE","BE2","BE21","Prov. Antwerpen","ESF","2006","2000-2006","18800205","18032826","1290438","40828"
"BE","BE2","BE21","Prov. Antwerpen","ESF","2007","2000-2006","14458432","15200244","1230233","38923"
"BE","BE2","BE21","Prov. Antwerpen","ESF","2008","2000-2006","18582315","13542487","708332","22411"
"BE","BE2","BE21","Prov. Antwerpen","ESF","2009","2000-2006","4539290","4450801","284863","9013"
"BE","BE2","BE21","Prov. Antwerpen","ESF","2010","2000-2006","344060","0","0","0"
"BE","BE2","BE21","Prov. Antwerpen","ESF","2012","2000-2006","23603","0","0","0"
"BE","BE2","BE21","Prov. Antwerpen","ESF","2013","2000-2006","2114240","0","0","0"
"BE","BE2","BE21","Prov. Antwerpen","ESF","2007","2007-2013","2634176","3684651","178795","5657"
"BE","BE2","BE21","Prov. Antwerpen","ESF","2008","2007-2013","3951263","9394485","926460","29312"
"BE","BE2","BE21","Prov. Antwerpen","ESF","2009","2007-2013","24425423","17931726","1105255","34969"
"BE","BE2","BE21","Prov. Antwerpen","ESF","2010","2007-2013","0","7815365","1330209","42086"
"BE","BE2","BE21","Prov. Antwerpen","ESF","2011","2007-2013","29396753","23644238","979103","30977"
"BE","BE2","BE21","Prov. Antwerpen","ESF","2012","2007-2013","7759217","14194806","979103","30977"
"BE","BE2","BE21","Prov. Antwerpen","ESF","2013","2007-2013","31966071","24128802","1338154","42337"
"BE","BE2","BE21","Prov. Antwerpen","ESF","2014","2007-2013","2312366","1918530","175196","5543"
"BE","BE2","BE21","Prov. Antwerpen","ESF","2015","2007-2013","0","796740","242324","7667"
"BE","BE2","BE21","Prov. Antwerpen","ESF","2016","2007-2013","4002409","2938336","181110","5730"
"BE","BE2","BE22","Prov. Limburg","EAFRD","1993","1989-1993","0","4781","555","18"
"BE","BE2","BE22","Prov. Limburg","EAFRD","1994","1989-1993","13341","11476","345","11"
"BE","BE2","BE22","Prov. Limburg","EAFRD","1995","1989-1993","7684","5606","708","22"
"BE","BE2","BE22","Prov. Limburg","EAFRD","1996","1989-1993","0","3393","922","29"
"BE","BE2","BE22","Prov. Limburg","EAFRD","1997","1989-1993","11808","7576","491","16"
"BE","BE2","BE22","Prov. Limburg","EAFRD","1994","1994-1999","0","38337","3481","110"
"BE","BE2","BE22","Prov. Limburg","EAFRD","1995","1994-1999","85115","46779","3481","110"
"BE","BE2","BE22","Prov. Limburg","EAFRD","1996","1994-1999","0","38522","3497","111"
"BE","BE2","BE22","Prov. Limburg","EAFRD","1997","1994-1999","85526","130750","32296","1022"
"BE","BE2","BE22","Prov. Limburg","EAFRD","1998","1994-1999","149920","245103","29352","929"
"BE","BE2","BE22","Prov. Limburg","EAFRD","1999","1994-1999","322854","332413","25098","794"
"BE","BE2","BE22","Prov. Limburg","EAFRD","2000","1994-1999","335168","300448","31883","1009"
"BE","BE2","BE22","Prov. Limburg","EAFRD","2001","1994-1999","341396","187628","13961","442"
"BE","BE2","BE22","Prov. Limburg","EAFRD","2001","2000-2006","0","25113","2119","67"
"BE","BE2","BE22","Prov. Limburg","EAFRD","2002","2000-2006","46778","21665","2119","67"
"BE","BE2","BE22","Prov. Limburg","EAFRD","2003","2000-2006","0","8805","18822","596"
"BE","BE2","BE22","Prov. Limburg","EAFRD","2004","2000-2006","829","105369","16162","511"
"BE","BE2","BE22","Prov. Limburg","EAFRD","2005","2000-2006","183906","164151","12173","385"
"BE","BE2","BE22","Prov. Limburg","EAFRD","2006","2000-2006","138281","128329","12173","385"
"BE","BE2","BE22","Prov. Limburg","EAFRD","2007","2000-2006","114714","111229","16896","535"
"BE","BE2","BE22","Prov. Limburg","EAFRD","2008","2000-2006","149302","69148","6763","214"
"BE","BE2","BE22","Prov. Limburg","EAFRD","2009","2000-2006","0","0","0","0"
"BE","BE2","BE22","Prov. Limburg","EAFRD","2010","2000-2006","1","0","0","0"
"BE","BE2","BE22","Prov. Limburg","EAFRD","2007","2007-2013","4672629","5742149","274032","8670"
"BE","BE2","BE22","Prov. Limburg","EAFRD","2008","2007-2013","5546200","5559158","3320","105"
"BE","BE2","BE22","Prov. Limburg","EAFRD","2009","2007-2013","5613395","6052041","112389","3556"
"BE","BE2","BE22","Prov. Limburg","EAFRD","2010","2007-2013","7888076","7876507","2964","94"
"BE","BE2","BE22","Prov. Limburg","EAFRD","2011","2007-2013","7828084","7523419","78061","2470"
"BE","BE2","BE22","Prov. Limburg","EAFRD","2012","2007-2013","6248187","5837505","78061","2470"
"BE","BE2","BE22","Prov. Limburg","EAFRD","2013","2007-2013","4118516","3883457","60227","1905"
"BE","BE2","BE22","Prov. Limburg","EAFRD","2014","2007-2013","2899571","2549573","89676","2837"
"BE","BE2","BE22","Prov. Limburg","EAFRD","2015","2007-2013","1084591","875440","53588","1695"
"BE","BE2","BE22","Prov. Limburg","ERDF","1989","1989-1993","0","1341363","136589","4321"
"BE","BE2","BE22","Prov. Limburg","ERDF","1990","1989-1993","3355000","4501994","116797","3695"
"BE","BE2","BE22","Prov. Limburg","ERDF","1991","1989-1993","6223846","6521040","30263","957"
"BE","BE2","BE22","Prov. Limburg","ERDF","1992","1989-1993","6967183","6699904","27217","861"
"BE","BE2","BE22","Prov. Limburg","ERDF","1993","1989-1993","6298668","8207144","194337","6149"
"BE","BE2","BE22","Prov. Limburg","ERDF","1994","1989-1993","11072123","12296394","147741","4674"
"BE","BE2","BE22","Prov. Limburg","ERDF","1995","1989-1993","14007867","8642412","595018","18826"
"BE","BE2","BE22","Prov. Limburg","ERDF","1996","1989-1993","0","1136961","293932","9300"
"BE","BE2","BE22","Prov. Limburg","ERDF","1997","1989-1993","3500015","2151596","137953","4365"
"BE","BE2","BE22","Prov. Limburg","ERDF","1998","1989-1993","162805","111247","7546","239"
"BE","BE2","BE22","Prov. Limburg","ERDF","2002","1989-1993","22548","0","0","0"
"BE","BE2","BE22","Prov. Limburg","ERDF","1994","1994-1999","5594000","8048308","233155","7377"
"BE","BE2","BE22","Prov. Limburg","ERDF","1995","1994-1999","5818668","3432961","226638","7171"
"BE","BE2","BE22","Prov. Limburg","ERDF","1996","1994-1999","162639","10358120","968552","30644"
"BE","BE2","BE22","Prov. Limburg","ERDF","1997","1994-1999","24334059","15976949","793910","25118"
"BE","BE2","BE22","Prov. Limburg","ERDF","1998","1994-1999","4521044","7620431","1756054","55559"
"BE","BE2","BE22","Prov. Limburg","ERDF","1999","1994-1999","9388001","15812942","1657004","52425"
"BE","BE2","BE22","Prov. Limburg","ERDF","2000","1994-1999","26310155","16156280","1028940","32554"
"BE","BE2","BE22","Prov. Limburg","ERDF","2001","1994-1999","698887","2563688","599879","18979"
"BE","BE2","BE22","Prov. Limburg","ERDF","2002","1994-1999","925583","4307357","298506","9444"
"BE","BE2","BE22","Prov. Limburg","ERDF","2003","1994-1999","32224","0","0","0"
"BE","BE2","BE22","Prov. Limburg","ERDF","2004","1994-1999","6491777","0","0","0"
"BE","BE2","BE22","Prov. Limburg","ERDF","2000","2000-2006","0","2344934","239191","7568"
"BE","BE2","BE22","Prov. Limburg","ERDF","2001","2000-2006","5744900","4301442","147238","4658"
"BE","BE2","BE22","Prov. Limburg","ERDF","2002","2000-2006","2208544","6271719","414457","13113"
"BE","BE2","BE22","Prov. Limburg","ERDF","2003","2000-2006","12162999","12278376","11769","372"
"BE","BE2","BE22","Prov. Limburg","ERDF","2004","2000-2006","12445663","10945520","1131793","35808"
"BE","BE2","BE22","Prov. Limburg","ERDF","2005","2000-2006","7327064","9312151","1152493","36463"
"BE","BE2","BE22","Prov. Limburg","ERDF","2006","2000-2006","10243530","12496818","1152493","36463"
"BE","BE2","BE22","Prov. Limburg","ERDF","2007","2000-2006","15357696","13501006","984904","31161"
"BE","BE2","BE22","Prov. Limburg","ERDF","2008","2000-2006","12515563","9061123","580886","18378"
"BE","BE2","BE22","Prov. Limburg","ERDF","2009","2000-2006","6142269","3635138","255736","8091"
"BE","BE2","BE22","Prov. Limburg","ERDF","2007","2007-2013","1050351","1412798","74408","2354"
"BE","BE2","BE22","Prov. Limburg","ERDF","2008","2007-2013","1575527","2336354","156193","4942"
"BE","BE2","BE22","Prov. Limburg","ERDF","2009","2007-2013","4882778","5690215","165762","5244"
"BE","BE2","BE22","Prov. Limburg","ERDF","2010","2007-2013","8392638","8688934","60828","1925"
"BE","BE2","BE22","Prov. Limburg","ERDF","2011","2007-2013","9680611","9790949","22652","717"
"BE","BE2","BE22","Prov. Limburg","ERDF","2012","2007-2013","10160240","9809892","22652","717"
"BE","BE2","BE22","Prov. Limburg","ERDF","2013","2007-2013","8637305","7543420","224568","7105"
"BE","BE2","BE22","Prov. Limburg","ERDF","2014","2007-2013","3882279","3049248","181965","5757"
"BE","BE2","BE22","Prov. Limburg","ERDF","2015","2007-2013","0","314888","90377","2859"
"BE","BE2","BE22","Prov. Limburg","ERDF","2016","2007-2013","1629956","1254987","76979","2435"
"BE","BE2","BE22","Prov. Limburg","ESF","2000","2000-2006","2869257","4359787","157919","4996"
"BE","BE2","BE22","Prov. Limburg","ESF","2001","2000-2006","3910590","4372741","48964","1549"
"BE","BE2","BE22","Prov. Limburg","ESF","2002","2000-2006","5123099","3946112","124699","3945"
"BE","BE2","BE22","Prov. Limburg","ESF","2003","2000-2006","2035128","8732865","709612","22451"
"BE","BE2","BE22","Prov. Limburg","ESF","2004","2000-2006","19607472","17151375","260219","8233"
"BE","BE2","BE22","Prov. Limburg","ESF","2005","2000-2006","13163596","13691775","1170542","37034"
"BE","BE2","BE22","Prov. Limburg","ESF","2006","2000-2006","12783414","13622082","1170542","37034"
"BE","BE2","BE22","Prov. Limburg","ESF","2007","2000-2006","13551094","13379767","996883","31540"
"BE","BE2","BE22","Prov. Limburg","ESF","2008","2000-2006","14314610","10546532","605305","19151"
"BE","BE2","BE22","Prov. Limburg","ESF","2009","2000-2006","3640303","3969395","259019","8195"
"BE","BE2","BE22","Prov. Limburg","ESF","2010","2000-2006","236331","0","0","0"
"BE","BE2","BE22","Prov. Limburg","ESF","2012","2000-2006","1004252","0","0","0"
"BE","BE2","BE22","Prov. Limburg","ESF","2013","2000-2006","1533284","0","0","0"
"BE","BE2","BE22","Prov. Limburg","ESF","2007","2007-2013","2046401","2859800","139043","4399"
"BE","BE2","BE22","Prov. Limburg","ESF","2008","2007-2013","3069601","7295239","722333","22854"
"BE","BE2","BE22","Prov. Limburg","ESF","2009","2007-2013","19016292","13977255","861376","27253"
"BE","BE2","BE22","Prov. Limburg","ESF","2010","2007-2013","0","6049121","1034040","32716"
"BE","BE2","BE22","Prov. Limburg","ESF","2011","2007-2013","22828143","18380310","760315","24055"
"BE","BE2","BE22","Prov. Limburg","ESF","2012","2007-2013","6042930","11038554","760315","24055"
"BE","BE2","BE22","Prov. Limburg","ESF","2013","2007-2013","24895390","18778203","1046257","33102"
"BE","BE2","BE22","Prov. Limburg","ESF","2014","2007-2013","1680430","1395442","135710","4294"
"BE","BE2","BE22","Prov. Limburg","ESF","2015","2007-2013","0","622787","188964","5979"
"BE","BE2","BE22","Prov. Limburg","ESF","2016","2007-2013","3085164","2267641","139748","4421"
"BE","BE2","BE23","Prov. Oost-Vlaanderen","EAFRD","1993","1989-1993","0","10969","1272","40"
"BE","BE2","BE23","Prov. Oost-Vlaanderen","EAFRD","1994","1989-1993","30608","26322","803","25"
"BE","BE2","BE23","Prov. Oost-Vlaanderen","EAFRD","1995","1989-1993","17630","12864","1621","51"
"BE","BE2","BE23","Prov. Oost-Vlaanderen","EAFRD","1996","1989-1993","0","7791","2112","67"
"BE","BE2","BE23","Prov. Oost-Vlaanderen","EAFRD","1997","1989-1993","27090","17382","1126","36"
"BE","BE2","BE23","Prov. Oost-Vlaanderen","EAFRD","1994","1994-1999","0","76674","6961","220"
"BE","BE2","BE23","Prov. Oost-Vlaanderen","EAFRD","1995","1994-1999","170231","93557","6961","220"
"BE","BE2","BE23","Prov. Oost-Vlaanderen","EAFRD","1996","1994-1999","0","77044","6995","221"
